,author_1,author_21,PYJl6b0AAAAJ,OKgPPJAAAAAJ
2,PYJl6b0AAAAJ,dH6F0y8AAAAJ
,author_1,author_2
3,VuWl-KUAAAAJ,20Y73oIAAAAJ
,author_1,author_2
4,VuWl-KUAAAAJ,-nlhtEkAAAAJ
5,VuWl-KUAAAAJ,jYHJAagAAAAJ
6,VuWl-KUAAAAJ,zEYMVR0AAAAJ
7,VuWl-KUAAAAJ,ccCNF08AAAAJ
8,VuWl-KUAAAAJ,2vZ5zRQAAAAJ
9,VuWl-KUAAAAJ,x9NyDZ0AAAAJ
10,VuWl-KUAAAAJ,zkhHirIAAAAJ
11,VuWl-KUAAAAJ,SLg5E9cAAAAJ
12,VuWl-KUAAAAJ,TRZB0J4AAAAJ
13,VuWl-KUAAAAJ,YgtBXP0AAAAJ
14,VuWl-KUAAAAJ,SWworh8AAAAJ
15,VuWl-KUAAAAJ,qIL9dWUAAAAJ
16,VuWl-KUAAAAJ,r0c4bz4AAAAJ
17,VuWl-KUAAAAJ,vlgs4G4AAAAJ
18,VuWl-KUAAAAJ,PH4mytYAAAAJ
19,VuWl-KUAAAAJ,kR7DersAAAAJ
20,VuWl-KUAAAAJ,qYYPst0AAAAJ
21,VuWl-KUAAAAJ,BH7jpGIAAAAJ
22,VuWl-KUAAAAJ,Z4y_Z3sAAAAJ
23,f-F4yywAAAAJ,qU1NHTwAAAAJ
24,f-F4yywAAAAJ,e2JmeJUAAAAJ
25,HINV9ZIAAAAJ,f89BorsAAAAJ
26,HINV9ZIAAAAJ,tKpD51MAAAAJ
27,HINV9ZIAAAAJ,120B2eYAAAAJ
28,HINV9ZIAAAAJ,ifU81ikAAAAJ
29,HINV9ZIAAAAJ,WwjTJ3YAAAAJ
30,HINV9ZIAAAAJ,V1ADQtIAAAAJ
31,HINV9ZIAAAAJ,VQXU5TcAAAAJ
32,HINV9ZIAAAAJ,LboZwd0AAAAJ
33,HINV9ZIAAAAJ,vae65B0AAAAJ
34,HINV9ZIAAAAJ,fDUITwgAAAAJ
35,HINV9ZIAAAAJ,XykHfU0AAAAJ
36,HINV9ZIAAAAJ,EzMcFXIAAAAJ
37,HINV9ZIAAAAJ,72PpZ98AAAAJ
38,HINV9ZIAAAAJ,R93HS08AAAAJ
39,CwHkgE4AAAAJ,LkoaA0gAAAAJ
40,CwHkgE4AAAAJ,3plYmtsAAAAJ
41,CwHkgE4AAAAJ,rbGxNYwAAAAJ
42,CwHkgE4AAAAJ,KK1NlcgAAAAJ
43,CwHkgE4AAAAJ,APgaFK0AAAAJ
44,CwHkgE4AAAAJ,r2OOH4cAAAAJ
45,CwHkgE4AAAAJ,xZ8OqxMAAAAJ
46,CwHkgE4AAAAJ,cTZ7Bg8AAAAJ
47,CwHkgE4AAAAJ,lWyTFm4AAAAJ
48,CwHkgE4AAAAJ,SwzKJ0kAAAAJ
49,CwHkgE4AAAAJ,LjZLn2MAAAAJ
50,CwHkgE4AAAAJ,n9ZNrsEAAAAJ
51,CwHkgE4AAAAJ,p5jXWHgAAAAJ
52,CwHkgE4AAAAJ,8f9jTNcAAAAJ
53,CwHkgE4AAAAJ,ozX4oVoAAAAJ
54,CwHkgE4AAAAJ,-spRnaQAAAAJ
55,SzHy4M8AAAAJ,45sBOQsAAAAJ
56,SzHy4M8AAAAJ,CwNpNpAAAAAJ
57,-AOlxRAAAAAJ,FD_QhhEAAAAJ
58,FWierZoAAAAJ,mHwonDEAAAAJ
59,FWierZoAAAAJ,AvwFJgwAAAAJ
60,FWierZoAAAAJ,z6xMjrsAAAAJ
61,FWierZoAAAAJ,DSEH8XsAAAAJ
62,FWierZoAAAAJ,PwwVdbgAAAAJ
63,FWierZoAAAAJ,-JthyRYAAAAJ
64,FWierZoAAAAJ,Q1mcglAAAAAJ
65,FWierZoAAAAJ,vdMVIH4AAAAJ
66,FWierZoAAAAJ,gv8xteIAAAAJ
67,FWierZoAAAAJ,dWmFNAoAAAAJ
68,TFGBA9cAAAAJ,eOhSVi8AAAAJ
69,TFGBA9cAAAAJ,FksnFr0AAAAJ
70,TFGBA9cAAAAJ,XTlaQMkAAAAJ
71,TFGBA9cAAAAJ,1hnJ3TgAAAAJ
72,TFGBA9cAAAAJ,hJPN-G8AAAAJ
73,TFGBA9cAAAAJ,5FxmC14AAAAJ
74,TFGBA9cAAAAJ,hFmJwKQAAAAJ
75,TFGBA9cAAAAJ,hHKC6FEAAAAJ
76,TFGBA9cAAAAJ,bM44mNEAAAAJ
77,TFGBA9cAAAAJ,IleoLUgAAAAJ
78,TFGBA9cAAAAJ,CsBZyd0AAAAJ
79,TFGBA9cAAAAJ,qQfkXxcAAAAJ
80,TFGBA9cAAAAJ,DhhH9J4AAAAJ
81,TFGBA9cAAAAJ,egm70s0AAAAJ
82,TFGBA9cAAAAJ,BSa0rkwAAAAJ
83,TFGBA9cAAAAJ,4C46Y8EAAAAJ
84,TFGBA9cAAAAJ,2X6fAZgAAAAJ
85,TFGBA9cAAAAJ,7t2jzpgAAAAJ
86,TFGBA9cAAAAJ,f6FFhS8AAAAJ
87,TFGBA9cAAAAJ,80_y6KEAAAAJ
88,P5Im3XwAAAAJ,cbTB5-EAAAAJ
89,P5Im3XwAAAAJ,UJrlw1cAAAAJ
90,P5Im3XwAAAAJ,rIi4rn8AAAAJ
91,P5Im3XwAAAAJ,cc4Qi_IAAAAJ
92,P5Im3XwAAAAJ,5SjaXJsAAAAJ
93,P5Im3XwAAAAJ,PNbioq0AAAAJ
94,P5Im3XwAAAAJ,W7HIfQ4AAAAJ
95,P5Im3XwAAAAJ,b7kj2bYAAAAJ
96,P5Im3XwAAAAJ,TpopfLMAAAAJ
97,P5Im3XwAAAAJ,IFX5C-cAAAAJ
98,P5Im3XwAAAAJ,AJKK2ikAAAAJ
99,P5Im3XwAAAAJ,Nn5I5qcAAAAJ
100,P5Im3XwAAAAJ,sWnjlj0AAAAJ
101,P5Im3XwAAAAJ,AUOr90cAAAAJ
102,P5Im3XwAAAAJ,cqtpVYkAAAAJ
103,P5Im3XwAAAAJ,Uln2F-AAAAAJ
104,P5Im3XwAAAAJ,-DfTtxgAAAAJ
105,P5Im3XwAAAAJ,_TAJECAAAAAJ
106,P5Im3XwAAAAJ,2IrtUS4AAAAJ
107,P5Im3XwAAAAJ,tWda9dcAAAAJ
108,yZPeEd4AAAAJ,apkwtuIAAAAJ
109,yZPeEd4AAAAJ,5I4DzOYAAAAJ
110,yZPeEd4AAAAJ,At365m0AAAAJ
111,yZPeEd4AAAAJ,CPZV6SsAAAAJ
112,yZPeEd4AAAAJ,kSy41dkAAAAJ
113,yZPeEd4AAAAJ,g6uvyLMAAAAJ
114,yZPeEd4AAAAJ,f9JGe3kAAAAJ
115,yZPeEd4AAAAJ,jiM-jW4AAAAJ
116,yZPeEd4AAAAJ,GG8k3QcAAAAJ
117,yZPeEd4AAAAJ,2y4BUVgAAAAJ
118,yZPeEd4AAAAJ,ypCPAhQAAAAJ
119,yZPeEd4AAAAJ,JB6p7rQAAAAJ
120,yZPeEd4AAAAJ,P2_p4eYAAAAJ
121,yZPeEd4AAAAJ,rrb5GCEAAAAJ
122,yZPeEd4AAAAJ,EbDcJ-wAAAAJ
123,yZPeEd4AAAAJ,v8cgynoAAAAJ
124,yZPeEd4AAAAJ,dDHan-0AAAAJ
125,yZPeEd4AAAAJ,q3UbQDcAAAAJ
126,yZPeEd4AAAAJ,0brpyf0AAAAJ
127,yZPeEd4AAAAJ,ZQttmYAAAAAJ
128,8ZAzblwAAAAJ,YnAwTgcAAAAJ
129,8ZAzblwAAAAJ,wsRvo9sAAAAJ
130,8ZAzblwAAAAJ,6HqXq3oAAAAJ
131,8ZAzblwAAAAJ,n9wD3d8AAAAJ
132,8ZAzblwAAAAJ,DP-SE6kAAAAJ
133,8ZAzblwAAAAJ,4-3lbhoAAAAJ
134,8ZAzblwAAAAJ,9GbmQrAAAAAJ
135,8ZAzblwAAAAJ,fU--dBEAAAAJ
136,8ZAzblwAAAAJ,L83WOVcAAAAJ
137,8ZAzblwAAAAJ,cilw8V8AAAAJ
138,8ZAzblwAAAAJ,I83c1BcAAAAJ
139,8ZAzblwAAAAJ,iaMmkOMAAAAJ
140,8ZAzblwAAAAJ,VOmWR_oAAAAJ
141,8ZAzblwAAAAJ,RCqdn1cAAAAJ
142,8ZAzblwAAAAJ,tzx61H8AAAAJ
143,8ZAzblwAAAAJ,C0YhMpsAAAAJ
144,8ZAzblwAAAAJ,pe8fSFQAAAAJ
145,8ZAzblwAAAAJ,YMb3AJ0AAAAJ
146,8ZAzblwAAAAJ,JydqDdEAAAAJ
147,8ZAzblwAAAAJ,X74Gij8AAAAJ
148,vPZ5VwEAAAAJ,hJPN-G8AAAAJ
149,vPZ5VwEAAAAJ,f6FFhS8AAAAJ
150,f0BtDUQAAAAJ,e_0sAVEAAAAJ
151,f0BtDUQAAAAJ,SRjy6wkAAAAJ
152,f0BtDUQAAAAJ,PiREobkAAAAJ
153,f0BtDUQAAAAJ,7OTD-LEAAAAJ
154,f0BtDUQAAAAJ,n44GlFcAAAAJ
155,f0BtDUQAAAAJ,DdgLjsoAAAAJ
156,f0BtDUQAAAAJ,A53hnN0AAAAJ
157,f0BtDUQAAAAJ,DhhH9J4AAAAJ
158,f0BtDUQAAAAJ,KHBw0QoAAAAJ
159,f0BtDUQAAAAJ,A1nvvk4AAAAJ
160,f0BtDUQAAAAJ,f9YnyKYAAAAJ
161,f0BtDUQAAAAJ,l1K01NMAAAAJ
162,f0BtDUQAAAAJ,-_u_0_sAAAAJ
163,f0BtDUQAAAAJ,jHYNM6QAAAAJ
164,f0BtDUQAAAAJ,uZIel-4AAAAJ
165,weIz8lUAAAAJ,dq2wG-AAAAAJ
166,weIz8lUAAAAJ,wEaHHWIAAAAJ
167,weIz8lUAAAAJ,Sc2pBzYAAAAJ
168,weIz8lUAAAAJ,dmdSxSgAAAAJ
169,weIz8lUAAAAJ,oClUuAkAAAAJ
170,weIz8lUAAAAJ,a9CvX4kAAAAJ
171,weIz8lUAAAAJ,sFIgGN0AAAAJ
172,weIz8lUAAAAJ,wCkI3_AAAAAJ
173,weIz8lUAAAAJ,FWDKUMUAAAAJ
174,weIz8lUAAAAJ,DVml6kMAAAAJ
175,weIz8lUAAAAJ,MDRALDkAAAAJ
176,weIz8lUAAAAJ,BBKfx4oAAAAJ
177,weIz8lUAAAAJ,qsl3l3MAAAAJ
178,weIz8lUAAAAJ,J0ky7jAAAAAJ
179,weIz8lUAAAAJ,g-WedwYAAAAJ
180,weIz8lUAAAAJ,t6uCsYoAAAAJ
181,weIz8lUAAAAJ,vU6bKxEAAAAJ
182,weIz8lUAAAAJ,0y6JDD4AAAAJ
183,weIz8lUAAAAJ,hJPN-G8AAAAJ
184,weIz8lUAAAAJ,WA9DXAwAAAAJ
185,4bU18cYAAAAJ,Vbv-JEwAAAAJ
186,4bU18cYAAAAJ,QXut2nIAAAAJ
187,4bU18cYAAAAJ,CU-06KYAAAAJ
188,4bU18cYAAAAJ,z-_AotwAAAAJ
189,4bU18cYAAAAJ,1wGyI6IAAAAJ
190,4bU18cYAAAAJ,ovmcuwcAAAAJ
191,4bU18cYAAAAJ,Y3czz-kAAAAJ
192,4bU18cYAAAAJ,Su5LJVQAAAAJ
193,4bU18cYAAAAJ,Ay2F2N0AAAAJ
194,4bU18cYAAAAJ,h62J5I4AAAAJ
195,4bU18cYAAAAJ,FRf1xt0AAAAJ
196,4bU18cYAAAAJ,jG2EBooAAAAJ
197,4bU18cYAAAAJ,9GF9OrMAAAAJ
198,grr_bHUAAAAJ,to4P8KgAAAAJ
199,grr_bHUAAAAJ,z9Lyyf4AAAAJ
200,grr_bHUAAAAJ,5KRtMEkAAAAJ
201,grr_bHUAAAAJ,gjhXMCkAAAAJ
202,fraVJnYAAAAJ,zl-BHGMAAAAJ
203,fraVJnYAAAAJ,DDKNuYgAAAAJ
204,fraVJnYAAAAJ,f5FgCmIAAAAJ
205,fraVJnYAAAAJ,sHBFiOgAAAAJ
206,fraVJnYAAAAJ,tx2-6SAAAAAJ
207,fraVJnYAAAAJ,kW-ynwQAAAAJ
208,fraVJnYAAAAJ,cAmg0RYAAAAJ
209,fraVJnYAAAAJ,EUFAL1IAAAAJ
210,fraVJnYAAAAJ,t3UkyuYAAAAJ
211,fraVJnYAAAAJ,6dOVx_YAAAAJ
212,fraVJnYAAAAJ,i2s59iQAAAAJ
213,fraVJnYAAAAJ,_kxflqsAAAAJ
214,fraVJnYAAAAJ,D6fk8zcAAAAJ
215,fraVJnYAAAAJ,Mxni6KoAAAAJ
216,fraVJnYAAAAJ,vU8OTyMAAAAJ
217,fraVJnYAAAAJ,oi4x2XIAAAAJ
218,fraVJnYAAAAJ,8UYwRjAAAAAJ
219,fraVJnYAAAAJ,ZJfkADkAAAAJ
220,fraVJnYAAAAJ,gJkhFkgAAAAJ
221,fraVJnYAAAAJ,JVzehi0AAAAJ
222,_qsabnQAAAAJ,i_XdxLcAAAAJ
223,vge9SMcAAAAJ,JJ9AvbAAAAAJ
224,vge9SMcAAAAJ,PcAcAGgAAAAJ
225,vge9SMcAAAAJ,YyD7mwcAAAAJ
226,vge9SMcAAAAJ,lW9bpFIAAAAJ
227,vge9SMcAAAAJ,-QIO-IIAAAAJ
228,vge9SMcAAAAJ,rillZYsAAAAJ
229,gkhG-YsAAAAJ,9cFCY5wAAAAJ
230,gkhG-YsAAAAJ,JXpLc7wAAAAJ
231,gkhG-YsAAAAJ,gz-6ugcAAAAJ
232,gkhG-YsAAAAJ,2elL3HgAAAAJ
233,gkhG-YsAAAAJ,qVOHi9cAAAAJ
234,gkhG-YsAAAAJ,71rdofMAAAAJ
235,gkhG-YsAAAAJ,y5J0h7gAAAAJ
236,gkhG-YsAAAAJ,m8azr0AAAAAJ
237,gkhG-YsAAAAJ,HQWxCnkAAAAJ
238,gkhG-YsAAAAJ,mYiZuAQAAAAJ
239,gkhG-YsAAAAJ,t1TWHyoAAAAJ
240,LMqnDSsAAAAJ,MMuP6cMAAAAJ
241,LMqnDSsAAAAJ,jZlBaDMAAAAJ
242,LMqnDSsAAAAJ,AdXZCToAAAAJ
243,LMqnDSsAAAAJ,mSK3340AAAAJ
244,LMqnDSsAAAAJ,_IgtDFgAAAAJ
245,LMqnDSsAAAAJ,GkMfzy4AAAAJ
246,LMqnDSsAAAAJ,6wiFZIUAAAAJ
247,LMqnDSsAAAAJ,6Hsfe8gAAAAJ
248,LMqnDSsAAAAJ,bN8tDyAAAAAJ
249,LMqnDSsAAAAJ,gI_9gqkAAAAJ
250,LMqnDSsAAAAJ,uSnx4PQAAAAJ
251,LMqnDSsAAAAJ,dcDrhzMAAAAJ
252,LMqnDSsAAAAJ,3nDFsYMAAAAJ
253,mx6-2ZAAAAAJ,Ltp8loUAAAAJ
254,mx6-2ZAAAAAJ,m3f70oYAAAAJ
255,mx6-2ZAAAAAJ,90eREm0AAAAJ
256,mx6-2ZAAAAAJ,g_EWCQkAAAAJ
257,mx6-2ZAAAAAJ,nQRs24kAAAAJ
258,mx6-2ZAAAAAJ,j8JGVvoAAAAJ
259,mx6-2ZAAAAAJ,A_A_LrsAAAAJ
260,mx6-2ZAAAAAJ,AcAAOhwAAAAJ
261,mx6-2ZAAAAAJ,inGtGkYAAAAJ
262,mx6-2ZAAAAAJ,i-vJ_-UAAAAJ
263,mx6-2ZAAAAAJ,a7akgIEAAAAJ
264,mx6-2ZAAAAAJ,MQWRowcAAAAJ
265,mx6-2ZAAAAAJ,SqAsppUAAAAJ
266,mx6-2ZAAAAAJ,ZFFbO7IAAAAJ
267,mx6-2ZAAAAAJ,hlrCF3YAAAAJ
268,zPZDLkgAAAAJ,aoVS9EkAAAAJ
269,zPZDLkgAAAAJ,JGB7m38AAAAJ
270,zPZDLkgAAAAJ,rillZYsAAAAJ
271,zPZDLkgAAAAJ,di5RZ1MAAAAJ
272,zPZDLkgAAAAJ,axsP38wAAAAJ
273,zPZDLkgAAAAJ,xibpfkQAAAAJ
274,zPZDLkgAAAAJ,hbMx114AAAAJ
275,zPZDLkgAAAAJ,8eMsZ84AAAAJ
276,zPZDLkgAAAAJ,MMzuceYAAAAJ
277,zPZDLkgAAAAJ,nTd0-lAAAAAJ
278,Gjj5a2wAAAAJ,xSXvpjEAAAAJ
279,Gjj5a2wAAAAJ,ahzPAdsAAAAJ
280,Gjj5a2wAAAAJ,yh51PU0AAAAJ
281,Gjj5a2wAAAAJ,VkFc88EAAAAJ
282,Gjj5a2wAAAAJ,JIFRpF0AAAAJ
283,Gjj5a2wAAAAJ,T2m-9BkAAAAJ
284,Gjj5a2wAAAAJ,LKpTCwkAAAAJ
285,Gjj5a2wAAAAJ,g9yhtN8AAAAJ
286,Gjj5a2wAAAAJ,R_YNoskAAAAJ
287,Gjj5a2wAAAAJ,sm0c2cgAAAAJ
288,Gjj5a2wAAAAJ,n-KJKCwAAAAJ
289,Gjj5a2wAAAAJ,L38f7A0AAAAJ
290,Gjj5a2wAAAAJ,-I7FLr0AAAAJ
291,Gjj5a2wAAAAJ,Zt6cdRsAAAAJ
292,Gjj5a2wAAAAJ,Iv2wBQ8AAAAJ
293,Gjj5a2wAAAAJ,wW8gWpUAAAAJ
294,Gjj5a2wAAAAJ,Ll9vlcQAAAAJ
295,Gjj5a2wAAAAJ,IsTySb8AAAAJ
296,W7WcEW0AAAAJ,pEpkokUAAAAJ
297,W7WcEW0AAAAJ,Dncmck8AAAAJ
298,W7WcEW0AAAAJ,HfuA3uIAAAAJ
299,W7WcEW0AAAAJ,rD_jGmcAAAAJ
300,W7WcEW0AAAAJ,Dq93mOUAAAAJ
301,W7WcEW0AAAAJ,A1miPskAAAAJ
302,W7WcEW0AAAAJ,AyWKyZ4AAAAJ
303,W7WcEW0AAAAJ,iB2qxQgAAAAJ
304,W7WcEW0AAAAJ,eRHbTXkAAAAJ
305,W7WcEW0AAAAJ,-fk2j44AAAAJ
306,W7WcEW0AAAAJ,--nWP4MAAAAJ
307,W7WcEW0AAAAJ,BmiiIaoAAAAJ
308,W7WcEW0AAAAJ,P5KHYrkAAAAJ
309,W7WcEW0AAAAJ,sCANNvMAAAAJ
310,K0vRLREAAAAJ,wT8zRroAAAAJ
311,K0vRLREAAAAJ,ZBnEPXAAAAAJ
312,P8HaQPoAAAAJ,jJ8BLgsAAAAJ
313,P8HaQPoAAAAJ,zIMEVKsAAAAJ
314,P8HaQPoAAAAJ,y2YkcWkAAAAJ
315,P8HaQPoAAAAJ,2gvMWb0AAAAJ
316,P8HaQPoAAAAJ,08UkfMsAAAAJ
317,P8HaQPoAAAAJ,cf6AvNIAAAAJ
318,P8HaQPoAAAAJ,-NkxFNoAAAAJ
319,6IxgRxgAAAAJ,84iWkIYAAAAJ
320,6IxgRxgAAAAJ,lrpcLj0AAAAJ
321,6IxgRxgAAAAJ,5ZNWHLoAAAAJ
322,6IxgRxgAAAAJ,r7awNK8AAAAJ
323,6IxgRxgAAAAJ,hKv55b4AAAAJ
324,6IxgRxgAAAAJ,iY1DbaQAAAAJ
325,6IxgRxgAAAAJ,_AEP-VoAAAAJ
326,6IxgRxgAAAAJ,YkmpMYUAAAAJ
327,6IxgRxgAAAAJ,_e_krf4AAAAJ
328,6IxgRxgAAAAJ,04tnUN4AAAAJ
329,6IxgRxgAAAAJ,b7xoXO0AAAAJ
330,6IxgRxgAAAAJ,_TUDnMQAAAAJ
331,6IxgRxgAAAAJ,OLw4RRIAAAAJ
332,6IxgRxgAAAAJ,sqVwkn0AAAAJ
333,6IxgRxgAAAAJ,dOR9fwMAAAAJ
334,NQiXPb0AAAAJ,LKgo-jcAAAAJ
335,NQiXPb0AAAAJ,FtbGhBQAAAAJ
336,NQiXPb0AAAAJ,hkfVNCMAAAAJ
337,NQiXPb0AAAAJ,AH5j40kAAAAJ
338,NQiXPb0AAAAJ,6D-XbmAAAAAJ
339,NQiXPb0AAAAJ,bMQIencAAAAJ
340,NQiXPb0AAAAJ,jRRrZZcAAAAJ
341,NQiXPb0AAAAJ,fIlGZToAAAAJ
342,NQiXPb0AAAAJ,vRI2blsAAAAJ
343,NQiXPb0AAAAJ,6WCyi64AAAAJ
344,NQiXPb0AAAAJ,mhw3i-EAAAAJ
345,iM4dZl8AAAAJ,tL9zHywAAAAJ
346,iM4dZl8AAAAJ,zYDaX-4AAAAJ
347,iM4dZl8AAAAJ,c3KgJJ8AAAAJ
348,iM4dZl8AAAAJ,IJAU8KoAAAAJ
349,4BtNQAEAAAAJ,Ei4oPqQAAAAJ
350,KXumTFMAAAAJ,fQQXj1oAAAAJ
351,KXumTFMAAAAJ,twmb6KIAAAAJ
352,KXumTFMAAAAJ,9c8plF0AAAAJ
353,KXumTFMAAAAJ,zQbwxcwAAAAJ
354,KXumTFMAAAAJ,xL6zuCMAAAAJ
355,KXumTFMAAAAJ,6_cxCKQAAAAJ
356,KXumTFMAAAAJ,9wLpwbsAAAAJ
357,KXumTFMAAAAJ,Lf1hSacAAAAJ
358,KXumTFMAAAAJ,zYDaX-4AAAAJ
359,KXumTFMAAAAJ,1bQ4BNwAAAAJ
360,KXumTFMAAAAJ,okIQd4oAAAAJ
361,1YqRceAAAAAJ,MDRALDkAAAAJ
362,1YqRceAAAAAJ,IleoLUgAAAAJ
363,1YqRceAAAAAJ,nFP2ldkAAAAJ
364,CDmgFxgAAAAJ,4nuwSEIAAAAJ
365,CDmgFxgAAAAJ,ImAzOz0AAAAJ
366,CDmgFxgAAAAJ,Et8MyQgAAAAJ
367,CDmgFxgAAAAJ,T7KvCzEAAAAJ
368,CDmgFxgAAAAJ,3KrQmawAAAAJ
369,CDmgFxgAAAAJ,COjq9XUAAAAJ
370,CDmgFxgAAAAJ,HXowq5YAAAAJ
371,CDmgFxgAAAAJ,5qSIhVkAAAAJ
372,CDmgFxgAAAAJ,2ILN_UIAAAAJ
373,DXWBHfUAAAAJ,CT5yZbwAAAAJ
374,DXWBHfUAAAAJ,JsQoLTQAAAAJ
375,DXWBHfUAAAAJ,--nVNvIAAAAJ
376,DXWBHfUAAAAJ,e0nfa6IAAAAJ
377,DXWBHfUAAAAJ,steJe6IAAAAJ
378,xyIyQmYAAAAJ,kqPhodQAAAAJ
379,xyIyQmYAAAAJ,8Y4dDxkAAAAJ
380,xyIyQmYAAAAJ,0MkHY9cAAAAJ
381,xyIyQmYAAAAJ,Nr6E_rIAAAAJ
382,ITiysawAAAAJ,zYDaX-4AAAAJ
383,ITiysawAAAAJ,tL9zHywAAAAJ
384,ITiysawAAAAJ,iM4dZl8AAAAJ
385,ITiysawAAAAJ,IJAU8KoAAAAJ
386,ITiysawAAAAJ,Xnc5WPwAAAAJ
387,ITiysawAAAAJ,jDCiMQkAAAAJ
388,ITiysawAAAAJ,c3KgJJ8AAAAJ
389,ITiysawAAAAJ,qRjO51UAAAAJ
390,7epX28wAAAAJ,BG3iIWAAAAAJ
391,7epX28wAAAAJ,0MkHY9cAAAAJ
392,7epX28wAAAAJ,Nr6E_rIAAAAJ
393,wcdNIa4AAAAJ,jxd84eQAAAAJ
394,wcdNIa4AAAAJ,vjWUkJEAAAAJ
395,wcdNIa4AAAAJ,5uDKOUMAAAAJ
396,wcdNIa4AAAAJ,xUo-olQAAAAJ
397,wcdNIa4AAAAJ,hSEZSWYAAAAJ
398,wcdNIa4AAAAJ,831IDHUAAAAJ
399,wcdNIa4AAAAJ,mMVDv64AAAAJ
400,wcdNIa4AAAAJ,FgjW1UQAAAAJ
401,wcdNIa4AAAAJ,hx2_k1EAAAAJ
402,wcdNIa4AAAAJ,_Je2fEEAAAAJ
403,wcdNIa4AAAAJ,Xaq-zRcAAAAJ
404,wcdNIa4AAAAJ,E8_BanAAAAAJ
405,wcdNIa4AAAAJ,iVecZgMAAAAJ
406,wcdNIa4AAAAJ,AjZ8RPAAAAAJ
407,6_e7UOEAAAAJ,P5G3gb0AAAAJ
408,6_e7UOEAAAAJ,4Y_yp9gAAAAJ
409,6_e7UOEAAAAJ,eAXLLkcAAAAJ
410,6_e7UOEAAAAJ,eTHeTUMAAAAJ
411,L5wd34gAAAAJ,koAXTXgAAAAJ
412,vbycUZ4AAAAJ,84WzBlYAAAAJ
413,vbycUZ4AAAAJ,czyretsAAAAJ
414,vbycUZ4AAAAJ,SgST3LkAAAAJ
415,vbycUZ4AAAAJ,2s0r_AkAAAAJ
416,vbycUZ4AAAAJ,esITaOoAAAAJ
417,vbycUZ4AAAAJ,lJJpxssAAAAJ
418,u9W10I8AAAAJ,Zvei-pEAAAAJ
419,u9W10I8AAAAJ,j7F_LSYAAAAJ
420,u9W10I8AAAAJ,z8rvZfoAAAAJ
421,u9W10I8AAAAJ,KJINK2gAAAAJ
422,u9W10I8AAAAJ,sKjwqdoAAAAJ
423,CLHWfM4AAAAJ,1F9N6icAAAAJ
424,CLHWfM4AAAAJ,O9WEZuoAAAAJ
425,CLHWfM4AAAAJ,xx3cu9EAAAAJ
426,ACNfrfQAAAAJ,ZPoTinMAAAAJ
427,4Jclhf4AAAAJ,MDuCskIAAAAJ
428,88OAYdcAAAAJ,N-bJiEoAAAAJ
429,GqfL7-UAAAAJ,n0NwuegAAAAJ
430,Gj5gJ_8AAAAJ,9cTC6r8AAAAJ
431,Gj5gJ_8AAAAJ,VKHVq_YAAAAJ
432,9GCyTRoAAAAJ,2y-8usQAAAAJ
433,5HX--AYAAAAJ,NM1dXVYAAAAJ
434,5HX--AYAAAAJ,nz4Nfw0AAAAJ
435,5HX--AYAAAAJ,5xUWSSIAAAAJ
436,5HX--AYAAAAJ,PPF3pQ0AAAAJ
437,5HX--AYAAAAJ,mpSqgjgAAAAJ
438,5HX--AYAAAAJ,nk3OcBoAAAAJ
439,5HX--AYAAAAJ,n0XajZAAAAAJ
440,5HX--AYAAAAJ,FDddbZoAAAAJ
441,5HX--AYAAAAJ,nZYyToUAAAAJ
442,5HX--AYAAAAJ,Htybq6sAAAAJ
443,5HX--AYAAAAJ,LcC3XAsAAAAJ
444,5HX--AYAAAAJ,_TwBJFcAAAAJ
445,5HX--AYAAAAJ,XKp8JuwAAAAJ
446,5HX--AYAAAAJ,eAEtxi0AAAAJ
447,5HX--AYAAAAJ,rRKZvtoAAAAJ
448,5HX--AYAAAAJ,IKloZ1MAAAAJ
449,5HX--AYAAAAJ,ZflJqeUAAAAJ
450,5HX--AYAAAAJ,AxIgLEEAAAAJ
451,5HX--AYAAAAJ,U6qwtCcAAAAJ
452,5HX--AYAAAAJ,knNUWZAAAAAJ
453,6ZiRSwQAAAAJ,09nv75wAAAAJ
454,6ZiRSwQAAAAJ,eZqrRYEAAAAJ
455,6ZiRSwQAAAAJ,R6NrFd4AAAAJ
456,6ZiRSwQAAAAJ,k8BMT_EAAAAJ
457,6ZiRSwQAAAAJ,oqf62l8AAAAJ
458,6ZiRSwQAAAAJ,IdgI3skAAAAJ
459,6ZiRSwQAAAAJ,z77_jNwAAAAJ
460,6ZiRSwQAAAAJ,lhp9y6wAAAAJ
461,6ZiRSwQAAAAJ,A-XTef8AAAAJ
462,6ZiRSwQAAAAJ,quglox0AAAAJ
463,6ZiRSwQAAAAJ,eP4l3aoAAAAJ
464,6ZiRSwQAAAAJ,RvQGQQQAAAAJ
465,6ZiRSwQAAAAJ,MYs9tMUAAAAJ
466,6ZiRSwQAAAAJ,z-FyS-EAAAAJ
467,6ZiRSwQAAAAJ,KNorg_UAAAAJ
468,6ZiRSwQAAAAJ,Wyb8B4wAAAAJ
469,6ZiRSwQAAAAJ,QO5Si3oAAAAJ
470,6ZiRSwQAAAAJ,2i-EEtYAAAAJ
471,6ZiRSwQAAAAJ,OYtx5csAAAAJ
472,6ZiRSwQAAAAJ,nd8O1XQAAAAJ
473,shDeBxYAAAAJ,vv370kMAAAAJ
474,shDeBxYAAAAJ,G2FKEKYAAAAJ
475,shDeBxYAAAAJ,oPP8J_MAAAAJ
476,shDeBxYAAAAJ,Ys4x7NUAAAAJ
477,shDeBxYAAAAJ,-tWnHKsAAAAJ
478,shDeBxYAAAAJ,DNB6CcIAAAAJ
479,shDeBxYAAAAJ,k4qYsHsAAAAJ
480,shDeBxYAAAAJ,koN779YAAAAJ
481,shDeBxYAAAAJ,UA7xfZIAAAAJ
482,shDeBxYAAAAJ,OnDbMTQAAAAJ
483,shDeBxYAAAAJ,NFCWN-QAAAAJ
484,shDeBxYAAAAJ,eEVOoIUAAAAJ
485,shDeBxYAAAAJ,9WWWDyUAAAAJ
486,shDeBxYAAAAJ,y7U8hXQAAAAJ
487,shDeBxYAAAAJ,O7PhlXcAAAAJ
488,shDeBxYAAAAJ,b8sNC_IAAAAJ
489,shDeBxYAAAAJ,ubfh5HsAAAAJ
490,shDeBxYAAAAJ,BIeh79oAAAAJ
491,shDeBxYAAAAJ,8Eto3e4AAAAJ
492,shDeBxYAAAAJ,j-X-6hIAAAAJ
493,vsj2slIAAAAJ,d27Ji6kAAAAJ
494,vsj2slIAAAAJ,-Jhj6swAAAAJ
495,vsj2slIAAAAJ,tDSnpO4AAAAJ
496,vsj2slIAAAAJ,s8jTkkAAAAAJ
497,vsj2slIAAAAJ,1fatN9EAAAAJ
498,vsj2slIAAAAJ,84FUioAAAAAJ
499,vsj2slIAAAAJ,ZfAwwkUAAAAJ
500,vsj2slIAAAAJ,YqpNyFUAAAAJ
501,vsj2slIAAAAJ,sR_OzkgAAAAJ
502,vsj2slIAAAAJ,xhCWdtMAAAAJ
503,vsj2slIAAAAJ,YAGjro8AAAAJ
504,vsj2slIAAAAJ,uQJAkBoAAAAJ
505,vsj2slIAAAAJ,jHDsgE0AAAAJ
506,vsj2slIAAAAJ,_NDvgjsAAAAJ
507,vsj2slIAAAAJ,KVaEpnkAAAAJ
508,vsj2slIAAAAJ,mB6GO8UAAAAJ
509,vsj2slIAAAAJ,kI5W8PwAAAAJ
510,vsj2slIAAAAJ,TcREpMQAAAAJ
511,vsj2slIAAAAJ,a0-oaWEAAAAJ
512,vsj2slIAAAAJ,gMndACUAAAAJ
513,G5zYeD8AAAAJ,o5f46UgAAAAJ
514,G5zYeD8AAAAJ,VxOmZDgAAAAJ
515,G5zYeD8AAAAJ,qiMGuC4AAAAJ
516,G5zYeD8AAAAJ,206DEM0AAAAJ
517,G5zYeD8AAAAJ,tIpAgQkAAAAJ
518,G5zYeD8AAAAJ,ELUUlB4AAAAJ
519,G5zYeD8AAAAJ,T9AzhwcAAAAJ
520,G5zYeD8AAAAJ,6mr6eWQAAAAJ
521,G5zYeD8AAAAJ,BZGj6sAAAAAJ
522,G5zYeD8AAAAJ,exyen9EAAAAJ
523,G5zYeD8AAAAJ,JvQXCy8AAAAJ
524,G5zYeD8AAAAJ,2mV4jaIAAAAJ
525,G5zYeD8AAAAJ,vB4n-e0AAAAJ
526,G5zYeD8AAAAJ,BfrQYskAAAAJ
527,G5zYeD8AAAAJ,ZPmdLwcAAAAJ
528,G5zYeD8AAAAJ,GKTKZ8kAAAAJ
529,G5zYeD8AAAAJ,4FVc21wAAAAJ
530,G5zYeD8AAAAJ,9kC4WR8AAAAJ
531,G5zYeD8AAAAJ,Ke7yUWEAAAAJ
532,G5zYeD8AAAAJ,E17ERJQAAAAJ
533,P663nvwAAAAJ,H46g3dwAAAAJ
534,P663nvwAAAAJ,1uRrhUIAAAAJ
535,P663nvwAAAAJ,Px-XBoEAAAAJ
536,P663nvwAAAAJ,QOklaeQAAAAJ
537,P663nvwAAAAJ,SWOt4ksAAAAJ
538,P663nvwAAAAJ,Dkww48EAAAAJ
539,P663nvwAAAAJ,9CS0ysIAAAAJ
540,P663nvwAAAAJ,n0XTfAcAAAAJ
541,P663nvwAAAAJ,ZDT5QYEAAAAJ
542,P663nvwAAAAJ,I2-yU3IAAAAJ
543,P663nvwAAAAJ,V577MRQAAAAJ
544,P663nvwAAAAJ,bSU8pFkAAAAJ
545,P663nvwAAAAJ,j4nTm0EAAAAJ
546,P663nvwAAAAJ,jfRSKJ4AAAAJ
547,P663nvwAAAAJ,9yNmEzoAAAAJ
548,P663nvwAAAAJ,ij1fVaQAAAAJ
549,P663nvwAAAAJ,4NwFa6wAAAAJ
550,P663nvwAAAAJ,6l_bwtkAAAAJ
551,P663nvwAAAAJ,GyhjPPEAAAAJ
552,P663nvwAAAAJ,PcqjCQQAAAAJ
553,FIK--DEAAAAJ,rdWrZQQAAAAJ
554,FIK--DEAAAAJ,m9RYf7AAAAAJ
555,3JsfnzsAAAAJ,E0eVAhgAAAAJ
556,3JsfnzsAAAAJ,CxQpwZUAAAAJ
557,uvyc1E0AAAAJ,n1jOWmYAAAAJ
558,uvyc1E0AAAAJ,ADQ9BwwAAAAJ
559,uvyc1E0AAAAJ,kdV3bzcAAAAJ
560,uvyc1E0AAAAJ,4vY5FkAAAAAJ
561,uvyc1E0AAAAJ,rAkPjTkAAAAJ
562,uvyc1E0AAAAJ,TBBUl_8AAAAJ
563,uvyc1E0AAAAJ,_doSQzAAAAAJ
564,uvyc1E0AAAAJ,9loiFxMAAAAJ
565,uvyc1E0AAAAJ,D4PFtXoAAAAJ
566,uvyc1E0AAAAJ,-kWGLS0AAAAJ
567,uvyc1E0AAAAJ,9P8M8IEAAAAJ
568,uvyc1E0AAAAJ,PRhpRxwAAAAJ
569,uvyc1E0AAAAJ,aiO5L7AAAAAJ
570,uvyc1E0AAAAJ,6GHzto0AAAAJ
571,uvyc1E0AAAAJ,RcHgovUAAAAJ
572,uvyc1E0AAAAJ,glmlRIIAAAAJ
573,uvyc1E0AAAAJ,6BOtcgIAAAAJ
574,uvyc1E0AAAAJ,At0gOzgAAAAJ
575,uvyc1E0AAAAJ,T_9k968AAAAJ
576,uvyc1E0AAAAJ,yu5HtB0AAAAJ
577,lzdgBesAAAAJ,MJ8rA_8AAAAJ
578,lzdgBesAAAAJ,VaKAzAUAAAAJ
579,lzdgBesAAAAJ,xvks_GMAAAAJ
580,lzdgBesAAAAJ,TyorWxcAAAAJ
581,lzdgBesAAAAJ,a3uREUMAAAAJ
582,lzdgBesAAAAJ,vhXPe28AAAAJ
583,lzdgBesAAAAJ,cIVIirsAAAAJ
584,lzdgBesAAAAJ,qabycucAAAAJ
585,lzdgBesAAAAJ,m39BqMwAAAAJ
586,lzdgBesAAAAJ,7rz4dCsAAAAJ
587,lzdgBesAAAAJ,vO-AtYoAAAAJ
588,lzdgBesAAAAJ,qCaTuJsAAAAJ
589,lzdgBesAAAAJ,QrbzbSIAAAAJ
590,lzdgBesAAAAJ,KQNmG1kAAAAJ
591,lzdgBesAAAAJ,TdRzT8kAAAAJ
592,lzdgBesAAAAJ,qiG4KbwAAAAJ
593,lzdgBesAAAAJ,Xbwuw8gAAAAJ
594,lzdgBesAAAAJ,xAKd7XIAAAAJ
595,lzdgBesAAAAJ,cL_TePcAAAAJ
596,lzdgBesAAAAJ,LayvtFsAAAAJ
597,8nyQzDsAAAAJ,MU6BdMoAAAAJ
598,8nyQzDsAAAAJ,LWX5tyAAAAAJ
599,8nyQzDsAAAAJ,8udO65kAAAAJ
600,8nyQzDsAAAAJ,NGKWT4gAAAAJ
601,8nyQzDsAAAAJ,2XCryp4AAAAJ
602,8nyQzDsAAAAJ,5uHt_HsAAAAJ
603,8nyQzDsAAAAJ,NCkkQAMAAAAJ
604,8nyQzDsAAAAJ,BFufdsQAAAAJ
605,8nyQzDsAAAAJ,OH4r24sAAAAJ
606,8nyQzDsAAAAJ,MTwVFZAAAAAJ
607,8nyQzDsAAAAJ,H7Qxla8AAAAJ
608,8nyQzDsAAAAJ,uhMoc_8AAAAJ
609,8nyQzDsAAAAJ,dANuS64AAAAJ
610,8nyQzDsAAAAJ,EqDZugoAAAAJ
611,8nyQzDsAAAAJ,Ey6Eh3kAAAAJ
612,8nyQzDsAAAAJ,Vp8nPGkAAAAJ
613,8nyQzDsAAAAJ,vFyQ0v8AAAAJ
614,8nyQzDsAAAAJ,Hs2feeUAAAAJ
615,8nyQzDsAAAAJ,38LuehEAAAAJ
616,8nyQzDsAAAAJ,3kFw8lEAAAAJ
617,--xLf1MAAAAJ,bw6wnyYAAAAJ
618,--xLf1MAAAAJ,7sSi3SIAAAAJ
619,--xLf1MAAAAJ,19la0pEAAAAJ
620,--xLf1MAAAAJ,F4P3ghEAAAAJ
621,--xLf1MAAAAJ,LVBMEQ8AAAAJ
622,--xLf1MAAAAJ,9XQKf_UAAAAJ
623,--xLf1MAAAAJ,XkJsAeQAAAAJ
624,--xLf1MAAAAJ,AQQBfGAAAAAJ
625,--xLf1MAAAAJ,LwsmSaMAAAAJ
626,--xLf1MAAAAJ,-CzPeZIAAAAJ
627,--xLf1MAAAAJ,_1nfYFIAAAAJ
628,--xLf1MAAAAJ,IwpVn00AAAAJ
629,--xLf1MAAAAJ,9blNzp4AAAAJ
630,--xLf1MAAAAJ,Ep4PitkAAAAJ
631,--xLf1MAAAAJ,Qx4PyUQAAAAJ
632,--xLf1MAAAAJ,XoqaEgEAAAAJ
633,--xLf1MAAAAJ,0nTzklEAAAAJ
634,--xLf1MAAAAJ,0dDO3SAAAAAJ
635,--xLf1MAAAAJ,_C5clMgAAAAJ
636,--xLf1MAAAAJ,SjcLgdcAAAAJ
637,Ioga5YIAAAAJ,jbtm4q8AAAAJ
638,SIX8mfUAAAAJ,7PzmgK8AAAAJ
639,SIX8mfUAAAAJ,fSgEyHcAAAAJ
640,SIX8mfUAAAAJ,QOklaeQAAAAJ
641,SIX8mfUAAAAJ,7duynOgAAAAJ
642,SIX8mfUAAAAJ,4iHKRH8AAAAJ
643,SIX8mfUAAAAJ,7g-fXuQAAAAJ
644,SIX8mfUAAAAJ,888GYpwAAAAJ
645,SIX8mfUAAAAJ,KWpEQq8AAAAJ
646,SIX8mfUAAAAJ,bOkAJSYAAAAJ
647,SIX8mfUAAAAJ,kzoVUPYAAAAJ
648,SIX8mfUAAAAJ,FCQnDNEAAAAJ
649,47WI5_IAAAAJ,XH487IYAAAAJ
650,7de84zoAAAAJ,2YLKXzwAAAAJ
651,7de84zoAAAAJ,OatnXOYAAAAJ
652,7de84zoAAAAJ,2CdOi4EAAAAJ
653,7de84zoAAAAJ,oAD8PrkAAAAJ
654,7de84zoAAAAJ,I1wmKokAAAAJ
655,7de84zoAAAAJ,yWr7s1IAAAAJ
656,7de84zoAAAAJ,5mSpljoAAAAJ
657,7de84zoAAAAJ,0fIhJYIAAAAJ
658,7de84zoAAAAJ,W93oh6wAAAAJ
659,7de84zoAAAAJ,kouPh9AAAAAJ
660,7de84zoAAAAJ,bn7XtvAAAAAJ
661,7de84zoAAAAJ,iiUbefkAAAAJ
662,7de84zoAAAAJ,8RzIkkQAAAAJ
663,7de84zoAAAAJ,IBnQgT4AAAAJ
664,7de84zoAAAAJ,JXSk5nEAAAAJ
665,7de84zoAAAAJ,ZpG_cJwAAAAJ
666,7de84zoAAAAJ,qaAebdkAAAAJ
667,7de84zoAAAAJ,lkJ2R4kAAAAJ
668,7de84zoAAAAJ,tQVe-fAAAAAJ
669,7de84zoAAAAJ,KRkHmBIAAAAJ
670,b0Xn1owAAAAJ,cqY4wxQAAAAJ
671,5c38WVcAAAAJ,VGoSakQAAAAJ
672,5c38WVcAAAAJ,sJUhflQAAAAJ
673,5c38WVcAAAAJ,dts9eDUAAAAJ
674,5c38WVcAAAAJ,ptFRfyUAAAAJ
675,5c38WVcAAAAJ,xXp8ME8AAAAJ
676,5c38WVcAAAAJ,NDmGsCgAAAAJ
677,5c38WVcAAAAJ,hIETYPwAAAAJ
678,5c38WVcAAAAJ,6lqBe44AAAAJ
679,5c38WVcAAAAJ,1I4dbdAAAAAJ
680,5c38WVcAAAAJ,OF1PZgkAAAAJ
681,5c38WVcAAAAJ,w8-oQgwAAAAJ
682,5c38WVcAAAAJ,jdHOOEYAAAAJ
683,5c38WVcAAAAJ,2ZjKVVAAAAAJ
684,5c38WVcAAAAJ,BrdliHMAAAAJ
685,5c38WVcAAAAJ,Wn_XQUkAAAAJ
686,5c38WVcAAAAJ,atADlJgAAAAJ
687,5c38WVcAAAAJ,zkqz0_0AAAAJ
688,5c38WVcAAAAJ,SECNqWIAAAAJ
689,5c38WVcAAAAJ,X4SbSTAAAAAJ
690,5c38WVcAAAAJ,eeMpO3wAAAAJ
691,ZaB6GnoAAAAJ,haNX60sAAAAJ
692,ZaB6GnoAAAAJ,n0ZdRMoAAAAJ
693,ZaB6GnoAAAAJ,AIusEYYAAAAJ
694,ZaB6GnoAAAAJ,k13_7rUAAAAJ
695,ZLSx3pIAAAAJ,01AC_W8AAAAJ
696,ZLSx3pIAAAAJ,tcsOBwwAAAAJ
697,a9XBI-wAAAAJ,nEBI9MgAAAAJ
698,a9XBI-wAAAAJ,ikdkX2QAAAAJ
699,a9XBI-wAAAAJ,qCalGWoAAAAJ
700,a9XBI-wAAAAJ,UoEKOckAAAAJ
701,a9XBI-wAAAAJ,febYNFYAAAAJ
702,a9XBI-wAAAAJ,BrkIufYAAAAJ
703,a9XBI-wAAAAJ,rfptNi8AAAAJ
704,a9XBI-wAAAAJ,AIpY2EIAAAAJ
705,a9XBI-wAAAAJ,k2rqfE8AAAAJ
706,a9XBI-wAAAAJ,rrQ4OlsAAAAJ
707,a9XBI-wAAAAJ,q3oyJMMAAAAJ
708,a9XBI-wAAAAJ,-4LEOBEAAAAJ
709,a9XBI-wAAAAJ,BS-lBJcAAAAJ
710,a9XBI-wAAAAJ,2RnjSQ4AAAAJ
711,a9XBI-wAAAAJ,7RfMGisAAAAJ
712,a9XBI-wAAAAJ,ToxT81EAAAAJ
713,a9XBI-wAAAAJ,cIwIY6QAAAAJ
714,a9XBI-wAAAAJ,TAZJIoUAAAAJ
715,a9XBI-wAAAAJ,A3mTirUZsJwC
716,a9XBI-wAAAAJ,W9ycQA8AAAAJ
717,UlRuG84AAAAJ,z4qfDjMAAAAJ
718,UlRuG84AAAAJ,eFbDvd8AAAAJ
719,UlRuG84AAAAJ,71oArqMAAAAJ
720,UlRuG84AAAAJ,wA0ZIHsAAAAJ
721,UlRuG84AAAAJ,OEtIhZEAAAAJ
722,UlRuG84AAAAJ,Ai8stM8AAAAJ
723,UlRuG84AAAAJ,37DpmAkAAAAJ
724,UlRuG84AAAAJ,KTgUKUcAAAAJ
725,UlRuG84AAAAJ,atba3DsAAAAJ
726,UlRuG84AAAAJ,hizZXhYAAAAJ
727,UlRuG84AAAAJ,zASGk3EAAAAJ
728,UlRuG84AAAAJ,sUk0OFYAAAAJ
729,UlRuG84AAAAJ,KHN7qoQAAAAJ
730,UlRuG84AAAAJ,IA6DtfcAAAAJ
731,UlRuG84AAAAJ,Edtpj9AAAAAJ
732,trMrAoUAAAAJ,SW3aNagAAAAJ
733,trMrAoUAAAAJ,OFVWBK0AAAAJ
734,trMrAoUAAAAJ,NolEt7gAAAAJ
735,trMrAoUAAAAJ,uR-N1H0AAAAJ
736,trMrAoUAAAAJ,Xc4IOBEAAAAJ
737,trMrAoUAAAAJ,t5o90hCxVMkC
738,trMrAoUAAAAJ,Bc4gbB4AAAAJ
739,trMrAoUAAAAJ,wj6_m0kAAAAJ
740,trMrAoUAAAAJ,huaPPRsAAAAJ
741,trMrAoUAAAAJ,-OVm5iMAAAAJ
742,trMrAoUAAAAJ,SgX5t-QAAAAJ
743,trMrAoUAAAAJ,CA3WuVwAAAAJ
744,trMrAoUAAAAJ,dilW0WsAAAAJ
745,trMrAoUAAAAJ,_YcMZZUAAAAJ
746,trMrAoUAAAAJ,28U9dR4AAAAJ
747,trMrAoUAAAAJ,MtP3DAgAAAAJ
748,trMrAoUAAAAJ,Tntl6sYAAAAJ
749,trMrAoUAAAAJ,Od-MfB0AAAAJ
750,trMrAoUAAAAJ,mRphVYYAAAAJ
751,trMrAoUAAAAJ,mRCDpEIAAAAJ
752,ZEGrXygAAAAJ,y2-Dnf4AAAAJ
753,gm9OtDEAAAAJ,HSZiJtIAAAAJ
754,gm9OtDEAAAAJ,cbkJ1qUAAAAJ
755,gm9OtDEAAAAJ,5dyHS1AAAAAJ
756,gm9OtDEAAAAJ,E-0OKUMAAAAJ
757,gm9OtDEAAAAJ,OpQP4xEAAAAJ
758,gm9OtDEAAAAJ,DPSmtKUAAAAJ
759,gm9OtDEAAAAJ,-GMc0BkAAAAJ
760,gm9OtDEAAAAJ,gDDH7ScAAAAJ
761,gm9OtDEAAAAJ,2tYI01sAAAAJ
762,gm9OtDEAAAAJ,zWMqyd8AAAAJ
763,gm9OtDEAAAAJ,rHgVW2cAAAAJ
764,gm9OtDEAAAAJ,eskO1OQAAAAJ
765,gm9OtDEAAAAJ,JtfgdmoAAAAJ
766,gm9OtDEAAAAJ,TQKBcgIAAAAJ
767,gm9OtDEAAAAJ,CskMhzQAAAAJ
768,gm9OtDEAAAAJ,_30jh7IAAAAJ
769,gm9OtDEAAAAJ,wkEw624AAAAJ
770,gm9OtDEAAAAJ,epWVvQcAAAAJ
771,gm9OtDEAAAAJ,fud1i3QAAAAJ
772,gm9OtDEAAAAJ,BYmXqI4AAAAJ
773,fnr7lOYAAAAJ,bQgG8wsAAAAJ
774,fnr7lOYAAAAJ,kwJEGqwAAAAJ
775,fnr7lOYAAAAJ,UfItwLIAAAAJ
776,fnr7lOYAAAAJ,DlbigqkAAAAJ
777,fnr7lOYAAAAJ,dH9eUL0AAAAJ
778,og6IIKsAAAAJ,FqHwOuEAAAAJ
779,og6IIKsAAAAJ,M2i9ytUAAAAJ
780,og6IIKsAAAAJ,zd3dBHEAAAAJ
781,og6IIKsAAAAJ,zxWfzDwAAAAJ
782,og6IIKsAAAAJ,2hULkd8AAAAJ
783,6M_1cHwAAAAJ,7GdrijgAAAAJ
784,6M_1cHwAAAAJ,v6-_2CMAAAAJ
785,6M_1cHwAAAAJ,oXgAgbEAAAAJ
786,6M_1cHwAAAAJ,vGKfcNQAAAAJ
787,6M_1cHwAAAAJ,o-onTfUAAAAJ
788,6M_1cHwAAAAJ,dZEe2moAAAAJ
789,6M_1cHwAAAAJ,IAarxJYAAAAJ
790,6M_1cHwAAAAJ,fELH7wwAAAAJ
791,6M_1cHwAAAAJ,_8LeNnwAAAAJ
792,6M_1cHwAAAAJ,Gl_9RYIAAAAJ
793,6M_1cHwAAAAJ,tMXtYLYAAAAJ
794,6M_1cHwAAAAJ,1mJtQD0AAAAJ
795,6M_1cHwAAAAJ,oiX1ORkAAAAJ
796,6M_1cHwAAAAJ,-zwWIG4AAAAJ
797,6M_1cHwAAAAJ,3FYfYbsAAAAJ
798,6M_1cHwAAAAJ,T7thk0MAAAAJ
799,6M_1cHwAAAAJ,040xz9IAAAAJ
800,6M_1cHwAAAAJ,IXlyPYkAAAAJ
801,6M_1cHwAAAAJ,m3gdwiMAAAAJ
802,6M_1cHwAAAAJ,wWRf2bYAAAAJ
803,KETOMcYAAAAJ,950IJKUAAAAJ
804,PvD2bXYAAAAJ,mF0tslEAAAAJ
805,PvD2bXYAAAAJ,bTa51xQAAAAJ
806,PvD2bXYAAAAJ,OzCNiQ4AAAAJ
807,PvD2bXYAAAAJ,6mLaDKwAAAAJ
808,PvD2bXYAAAAJ,AmDvcRwAAAAJ
809,PvD2bXYAAAAJ,MufsoH4AAAAJ
810,PvD2bXYAAAAJ,iwj2x94AAAAJ
811,PvD2bXYAAAAJ,PIsKWO8AAAAJ
812,PvD2bXYAAAAJ,Z00pt5EAAAAJ
813,PvD2bXYAAAAJ,FfApc1UAAAAJ
814,QAwMcL4AAAAJ,1vaQXRwAAAAJ
815,QAwMcL4AAAAJ,4eT5tXgAAAAJ
816,QAwMcL4AAAAJ,1QD4sIcAAAAJ
817,QAwMcL4AAAAJ,VInFNMcAAAAJ
818,QAwMcL4AAAAJ,UZcbx9gAAAAJ
819,QAwMcL4AAAAJ,4Qr8tRgAAAAJ
820,FtB0sYsAAAAJ,9dIOaEoAAAAJ
821,FtB0sYsAAAAJ,PFYD8jwAAAAJ
822,FtB0sYsAAAAJ,a48mvwwAAAAJ
823,FtB0sYsAAAAJ,-1rPAfAAAAAJ
824,FtB0sYsAAAAJ,rl5EXW0AAAAJ
825,FtB0sYsAAAAJ,ojNqo20AAAAJ
826,FtB0sYsAAAAJ,8xB5wmcAAAAJ
827,FtB0sYsAAAAJ,Hwt035wAAAAJ
828,FtB0sYsAAAAJ,vbsfpIMAAAAJ
829,PD_2CZQAAAAJ,B8ExfA8AAAAJ
830,PD_2CZQAAAAJ,Gf365eQAAAAJ
831,PD_2CZQAAAAJ,3M0sbFoAAAAJ
832,PD_2CZQAAAAJ,l8bhxd0AAAAJ
833,PD_2CZQAAAAJ,_tG6ccEAAAAJ
834,PD_2CZQAAAAJ,CCEbzLYAAAAJ
835,PD_2CZQAAAAJ,sQr5shUAAAAJ
836,PD_2CZQAAAAJ,LCkw0hQAAAAJ
837,PD_2CZQAAAAJ,sq3UWUdynmsC
838,PD_2CZQAAAAJ,dQ7QCvoAAAAJ
839,PD_2CZQAAAAJ,4hrHGWsAAAAJ
840,PD_2CZQAAAAJ,p1Q3peAAAAAJ
841,PD_2CZQAAAAJ,vcuI5skAAAAJ
842,PD_2CZQAAAAJ,sTlBKLUAAAAJ
843,PD_2CZQAAAAJ,OwUWmU0AAAAJ
844,PD_2CZQAAAAJ,6LODBb8AAAAJ
845,PD_2CZQAAAAJ,rHq05n8AAAAJ
846,PD_2CZQAAAAJ,uyaWkGQAAAAJ
847,PD_2CZQAAAAJ,zIrqtYcAAAAJ
848,PD_2CZQAAAAJ,f2ljn-QAAAAJ
849,Zq1_3YAAAAAJ,0EUNV2cAAAAJ
850,Zq1_3YAAAAAJ,vOvIq5gAAAAJ
851,Zq1_3YAAAAAJ,SCro9G4AAAAJ
852,Zq1_3YAAAAAJ,ScdhC3AAAAAJ
853,Zq1_3YAAAAAJ,yencwCsAAAAJ
854,Zq1_3YAAAAAJ,N66D1UMAAAAJ
855,Zq1_3YAAAAAJ,L_GmuYIAAAAJ
856,Zq1_3YAAAAAJ,4bFpdCcAAAAJ
857,Zq1_3YAAAAAJ,FaKugmUAAAAJ
858,Zq1_3YAAAAAJ,TF15lU8AAAAJ
859,Zq1_3YAAAAAJ,xVvyb1gAAAAJ
860,Zq1_3YAAAAAJ,4C4p5C8AAAAJ
861,Zq1_3YAAAAAJ,ENNYq-QAAAAJ
862,Zq1_3YAAAAAJ,Fy2BVk4AAAAJ
863,Zq1_3YAAAAAJ,edKya1YAAAAJ
864,9z_oU3MAAAAJ,O_HhJUEAAAAJ
865,9z_oU3MAAAAJ,3QmheXUAAAAJ
866,9z_oU3MAAAAJ,O3hcyEAAAAAJ
867,9z_oU3MAAAAJ,ejB6DzMAAAAJ
868,9z_oU3MAAAAJ,568Rw94AAAAJ
869,9z_oU3MAAAAJ,wZM9il0AAAAJ
870,9z_oU3MAAAAJ,VNqKOtsAAAAJ
871,9z_oU3MAAAAJ,S4Im-uYAAAAJ
872,9z_oU3MAAAAJ,UJR63tAAAAAJ
873,9z_oU3MAAAAJ,alh8_E8AAAAJ
874,9z_oU3MAAAAJ,WVCeLG4AAAAJ
875,9z_oU3MAAAAJ,_875iqQAAAAJ
876,9z_oU3MAAAAJ,HclNUnwAAAAJ
877,9z_oU3MAAAAJ,JkW9h2QAAAAJ
878,9z_oU3MAAAAJ,Ne3gURAAAAAJ
879,9z_oU3MAAAAJ,eGGTrCYAAAAJ
880,9z_oU3MAAAAJ,HQrZ7isAAAAJ
881,9z_oU3MAAAAJ,MMvJnQcAAAAJ
882,9z_oU3MAAAAJ,406ZlBIAAAAJ
883,9z_oU3MAAAAJ,MV6P4JoAAAAJ
884,g_nhhD0AAAAJ,OkpDbWkAAAAJ
885,g_nhhD0AAAAJ,PaB5GcMAAAAJ
886,g_nhhD0AAAAJ,9LIN3ZQAAAAJ
887,g_nhhD0AAAAJ,sacLEqkAAAAJ
888,g_nhhD0AAAAJ,O_b_5pAAAAAJ
889,g_nhhD0AAAAJ,iB9er1AAAAAJ
890,g_nhhD0AAAAJ,N9M7dS8AAAAJ
891,g_nhhD0AAAAJ,lwWjgGYAAAAJ
892,g_nhhD0AAAAJ,kTeP1xIAAAAJ
893,g_nhhD0AAAAJ,IWPg4_YAAAAJ
894,g_nhhD0AAAAJ,1N5a0ngAAAAJ
895,g_nhhD0AAAAJ,V0Oz_DIAAAAJ
896,g_nhhD0AAAAJ,tp4dVH4AAAAJ
897,g_nhhD0AAAAJ,zYARuboAAAAJ
898,g_nhhD0AAAAJ,jwW_WhMAAAAJ
899,g_nhhD0AAAAJ,1zfQBQcAAAAJ
900,g_nhhD0AAAAJ,Sg647IMAAAAJ
901,g_nhhD0AAAAJ,5qvPso8AAAAJ
902,g_nhhD0AAAAJ,5xmP12oAAAAJ
903,g_nhhD0AAAAJ,jbtm4q8AAAAJ
904,etotbiQAAAAJ,IGzJc1cAAAAJ
905,etotbiQAAAAJ,RHiv3L0AAAAJ
906,etotbiQAAAAJ,XIFeV6wAAAAJ
907,etotbiQAAAAJ,6Aa_cvcAAAAJ
908,etotbiQAAAAJ,m39BqMwAAAAJ
909,etotbiQAAAAJ,kAJrDMMAAAAJ
910,etotbiQAAAAJ,adTLdD8AAAAJ
911,etotbiQAAAAJ,CVWR7EsAAAAJ
912,etotbiQAAAAJ,vsVnST4AAAAJ
913,etotbiQAAAAJ,ABWbHGAAAAAJ
914,etotbiQAAAAJ,nfa3L0MAAAAJ
915,etotbiQAAAAJ,R9pcKp4AAAAJ
916,etotbiQAAAAJ,qLmzU_oAAAAJ
917,etotbiQAAAAJ,JoG5Kr4AAAAJ
918,etotbiQAAAAJ,9HFuGBMAAAAJ
919,etotbiQAAAAJ,MYC_XicAAAAJ
920,etotbiQAAAAJ,O-BuWfwAAAAJ
921,etotbiQAAAAJ,tC_-GB0AAAAJ
922,etotbiQAAAAJ,_TKe-U0AAAAJ
923,etotbiQAAAAJ,-x9i6gQAAAAJ
924,dNfhBI4AAAAJ,kTxgdwgAAAAJ
925,dNfhBI4AAAAJ,KR7K-XEAAAAJ
926,dNfhBI4AAAAJ,5UMOZ_cAAAAJ
927,dNfhBI4AAAAJ,mj3fvYgAAAAJ
928,dNfhBI4AAAAJ,i9bGqbgAAAAJ
929,Ecd1TNYAAAAJ,xL_eg8IAAAAJ
930,HV94r_AAAAAJ,p43jB30AAAAJ
931,HV94r_AAAAAJ,1LW5nKcAAAAJ
932,Avc-vaUAAAAJ,2B2VtN0AAAAJ
933,Avc-vaUAAAAJ,FG1TIN4AAAAJ
934,Avc-vaUAAAAJ,Nyy5ylwAAAAJ
935,Avc-vaUAAAAJ,s2_78CAAAAAJ
936,Avc-vaUAAAAJ,1Pm8Zl0AAAAJ
937,Avc-vaUAAAAJ,e7So0DMAAAAJ
938,Avc-vaUAAAAJ,xZn5wrEAAAAJ
939,jVmzQzYAAAAJ,D9PJcscAAAAJ
940,jVmzQzYAAAAJ,AWQmdOAAAAAJ
941,jVmzQzYAAAAJ,ecDjjd4AAAAJ
942,jVmzQzYAAAAJ,JNZjdKsAAAAJ
943,jVmzQzYAAAAJ,cqWRUHoAAAAJ
944,jVmzQzYAAAAJ,Ngg-kRMAAAAJ
945,jVmzQzYAAAAJ,TWihYfUAAAAJ
946,jVmzQzYAAAAJ,A66Vh7MAAAAJ
947,jVmzQzYAAAAJ,ifHkv2EAAAAJ
948,jVmzQzYAAAAJ,ThlffEAAAAAJ
949,jVmzQzYAAAAJ,ARAEZPAAAAAJ
950,jVmzQzYAAAAJ,Qdn6IVIAAAAJ
951,jVmzQzYAAAAJ,HKLMeBIAAAAJ
952,jVmzQzYAAAAJ,rrWdlF4AAAAJ
953,jVmzQzYAAAAJ,D6uLDZsAAAAJ
954,jVmzQzYAAAAJ,joE1Q7IAAAAJ
955,jVmzQzYAAAAJ,2rRZKUsAAAAJ
956,jVmzQzYAAAAJ,Ahe4xPEAAAAJ
957,jVmzQzYAAAAJ,SEjtjFYAAAAJ
958,jVmzQzYAAAAJ,g6cSLaQAAAAJ
959,izuq5SUAAAAJ,s7Bf2ugAAAAJ
960,izuq5SUAAAAJ,Fzy58sUAAAAJ
961,izuq5SUAAAAJ,N08XHUAAAAAJ
962,izuq5SUAAAAJ,VBNyAfsAAAAJ
963,izuq5SUAAAAJ,zYrxgCcAAAAJ
964,izuq5SUAAAAJ,Rq3NGhUAAAAJ
965,izuq5SUAAAAJ,hEmoG2YAAAAJ
966,izuq5SUAAAAJ,G2FKEKYAAAAJ
967,izuq5SUAAAAJ,4o59iNMAAAAJ
968,izuq5SUAAAAJ,Eao7yZIAAAAJ
969,izuq5SUAAAAJ,9qIJWpIAAAAJ
970,izuq5SUAAAAJ,pxWDAY8AAAAJ
971,izuq5SUAAAAJ,8As9BrcAAAAJ
972,izuq5SUAAAAJ,1cFlCPYAAAAJ
973,izuq5SUAAAAJ,GMREZbsAAAAJ
974,izuq5SUAAAAJ,NolEt7gAAAAJ
975,izuq5SUAAAAJ,DaWYR90AAAAJ
976,izuq5SUAAAAJ,d3lQcIsAAAAJ
977,izuq5SUAAAAJ,Vl25T48AAAAJ
978,izuq5SUAAAAJ,DpeXG4cAAAAJ
979,XmO88O8AAAAJ,qm_8uh4AAAAJ
980,XmO88O8AAAAJ,KfwBewoAAAAJ
981,XmO88O8AAAAJ,-62dmJkAAAAJ
982,XmO88O8AAAAJ,DD-T9VYAAAAJ
983,XmO88O8AAAAJ,7giHfzwAAAAJ
984,XmO88O8AAAAJ,Jcgjav8AAAAJ
985,XmO88O8AAAAJ,U2vvL6oAAAAJ
986,XmO88O8AAAAJ,ncvHj3MAAAAJ
987,XmO88O8AAAAJ,8moOfbwAAAAJ
988,XmO88O8AAAAJ,_mZTE8AAAAAJ
989,XmO88O8AAAAJ,sqR3aJ4AAAAJ
990,XmO88O8AAAAJ,__aQEBsAAAAJ
991,XmO88O8AAAAJ,t74JW58AAAAJ
992,XmO88O8AAAAJ,Vo2jOVYAAAAJ
993,XmO88O8AAAAJ,2g0d-sgAAAAJ
994,Fi3oKmQAAAAJ,84vqjjQAAAAJ
995,Fi3oKmQAAAAJ,H9rp8Z4AAAAJ
996,Fi3oKmQAAAAJ,mGMJYjUAAAAJ
997,Fi3oKmQAAAAJ,lMv-u6MAAAAJ
998,Fi3oKmQAAAAJ,kNr4cUwAAAAJ
999,Fi3oKmQAAAAJ,9eHWBNsAAAAJ
1000,Fi3oKmQAAAAJ,gKJCKpAAAAAJ
1001,Fi3oKmQAAAAJ,-ygBszIAAAAJ
1002,Fi3oKmQAAAAJ,Ic0TpQoAAAAJ
1003,Fi3oKmQAAAAJ,_108RTMAAAAJ
1004,Fi3oKmQAAAAJ,liB-o_oAAAAJ
1005,Fi3oKmQAAAAJ,nX9P81MAAAAJ
1006,Fi3oKmQAAAAJ,ErBxNykAAAAJ
1007,Fi3oKmQAAAAJ,FXJBE54AAAAJ
1008,Fi3oKmQAAAAJ,JMSaDCgAAAAJ
1009,Fi3oKmQAAAAJ,vbZ9yIkAAAAJ
1010,Fi3oKmQAAAAJ,fd2wZmMAAAAJ
1011,Fi3oKmQAAAAJ,5bJ9GTQAAAAJ
1012,Fi3oKmQAAAAJ,N0qdLcMAAAAJ
1013,Fi3oKmQAAAAJ,2euWkksAAAAJ
1014,H54KV0wAAAAJ,B1x2NvwAAAAJ
1015,H54KV0wAAAAJ,EFqrGD4AAAAJ
1016,H54KV0wAAAAJ,Kr0vzDwAAAAJ
1017,H54KV0wAAAAJ,Es92wo0AAAAJ
1018,H54KV0wAAAAJ,u31HONcAAAAJ
1019,H54KV0wAAAAJ,6FjSEAYAAAAJ
1020,H54KV0wAAAAJ,h0j4-yYAAAAJ
1021,H54KV0wAAAAJ,e27oFkpSgSYC
1022,H54KV0wAAAAJ,7xntqpwAAAAJ
1023,H54KV0wAAAAJ,CsYMblcAAAAJ
1024,ivApfKcAAAAJ,AtIonbIAAAAJ
1025,RfDTBsEAAAAJ,9BuR3BEAAAAJ
1026,RfDTBsEAAAAJ,A61yxRkAAAAJ
1027,RfDTBsEAAAAJ,zm_p4ycAAAAJ
1028,RfDTBsEAAAAJ,WoEWHuAAAAAJ
1029,YU4Ce_MAAAAJ,3LSbsVkAAAAJ
1030,YU4Ce_MAAAAJ,UUvF5NkAAAAJ
1031,YU4Ce_MAAAAJ,k0DmUGQAAAAJ
1032,YU4Ce_MAAAAJ,1AmoOUAAAAAJ
1033,YU4Ce_MAAAAJ,fswgX1oAAAAJ
1034,YU4Ce_MAAAAJ,OafZcSMAAAAJ
1035,YU4Ce_MAAAAJ,SHLakGsAAAAJ
1036,YU4Ce_MAAAAJ,9gO29eUAAAAJ
1037,YU4Ce_MAAAAJ,5u7S6pQAAAAJ
1038,YU4Ce_MAAAAJ,9gk_tZUAAAAJ
1039,YU4Ce_MAAAAJ,5l0ygwEAAAAJ
1040,YU4Ce_MAAAAJ,MDIyLnwAAAAJ
1041,o2eeimYAAAAJ,lcyzFQkAAAAJ
1042,o2eeimYAAAAJ,dftYXq0AAAAJ
1043,o2eeimYAAAAJ,JblUdcYAAAAJ
1044,o2eeimYAAAAJ,C9MgY_0AAAAJ
1045,o2eeimYAAAAJ,6VBa9GwAAAAJ
1046,o2eeimYAAAAJ,_cZ26O4AAAAJ
1047,o2eeimYAAAAJ,yQksPqkAAAAJ
1048,o2eeimYAAAAJ,EHPCJEkAAAAJ
1049,o2eeimYAAAAJ,Tn6vazYAAAAJ
1050,o2eeimYAAAAJ,vSf2GyoAAAAJ
1051,o2eeimYAAAAJ,jBpEK0MAAAAJ
1052,o2eeimYAAAAJ,cmP8Z-AAAAAJ
1053,o2eeimYAAAAJ,iR2UIH0AAAAJ
1054,o2eeimYAAAAJ,ILyl2_0AAAAJ
1055,o2eeimYAAAAJ,X4721HIAAAAJ
1056,o2eeimYAAAAJ,i6ScB1EAAAAJ
1057,o2eeimYAAAAJ,ZtzVT00AAAAJ
1058,o2eeimYAAAAJ,0nU4nOEAAAAJ
1059,o2eeimYAAAAJ,ip4msX4AAAAJ
1060,o2eeimYAAAAJ,OaoWbeQAAAAJ
1061,950IJKUAAAAJ,Iis1vGgAAAAJ
1062,950IJKUAAAAJ,KETOMcYAAAAJ
1063,950IJKUAAAAJ,2fcWee4AAAAJ
1064,950IJKUAAAAJ,TJ8gefYAAAAJ
1065,950IJKUAAAAJ,SOZxwsgAAAAJ
1066,950IJKUAAAAJ,jArkNzQAAAAJ
1067,950IJKUAAAAJ,e7Y2fm0AAAAJ
1068,950IJKUAAAAJ,gWUTZQMAAAAJ
1069,UJrAd4IAAAAJ,ZL4pyUkAAAAJ
1070,UJrAd4IAAAAJ,m4uc9qUAAAAJ
1071,UJrAd4IAAAAJ,GcQHwEYAAAAJ
1072,UJrAd4IAAAAJ,U7dePPcAAAAJ
1073,UJrAd4IAAAAJ,qFhoz68AAAAJ
1074,UJrAd4IAAAAJ,mhjhsMQAAAAJ
1075,UJrAd4IAAAAJ,k3FcQxUAAAAJ
1076,UJrAd4IAAAAJ,S-DTTfwAAAAJ
1077,UJrAd4IAAAAJ,yeUvc9sAAAAJ
1078,UJrAd4IAAAAJ,Hnq7UacAAAAJ
1079,UJrAd4IAAAAJ,81hmSnsAAAAJ
1080,UJrAd4IAAAAJ,UuaMMSUAAAAJ
1081,UJrAd4IAAAAJ,eoRocywAAAAJ
1082,UJrAd4IAAAAJ,YhPfwH0AAAAJ
1083,UJrAd4IAAAAJ,vgxEV-8AAAAJ
1084,UJrAd4IAAAAJ,ILHMBPUAAAAJ
1085,UJrAd4IAAAAJ,sxPqkUEAAAAJ
1086,UJrAd4IAAAAJ,WhtQeqsAAAAJ
1087,UJrAd4IAAAAJ,KTF9-QkAAAAJ
1088,UJrAd4IAAAAJ,zIbfTJoAAAAJ
1089,bzNZUiwAAAAJ,_eUdGSYAAAAJ
1090,bzNZUiwAAAAJ,h_g98wsAAAAJ
1091,bzNZUiwAAAAJ,psAHI38AAAAJ
1092,bzNZUiwAAAAJ,JvV7INoAAAAJ
1093,bzNZUiwAAAAJ,m_oVye0AAAAJ
1094,IDmIxqMAAAAJ,2rxBp3kAAAAJ
1095,IDmIxqMAAAAJ,42UCR38AAAAJ
1096,IDmIxqMAAAAJ,Xo-oFAsAAAAJ
1097,IDmIxqMAAAAJ,_6VvwNG52TcC
1098,IDmIxqMAAAAJ,fr-fkIwAAAAJ
1099,IDmIxqMAAAAJ,x3IhvnEAAAAJ
1100,IDmIxqMAAAAJ,yMDOql8AAAAJ
1101,IDmIxqMAAAAJ,AbKd9soAAAAJ
1102,IDmIxqMAAAAJ,bUEovB8AAAAJ
1103,IDmIxqMAAAAJ,fBx1kaMAAAAJ
1104,IDmIxqMAAAAJ,Nxo-T80AAAAJ
1105,IDmIxqMAAAAJ,bHpv3AMAAAAJ
1106,IDmIxqMAAAAJ,Uq4hnHkAAAAJ
1107,IDmIxqMAAAAJ,jKLdvAUAAAAJ
1108,IDmIxqMAAAAJ,meth96QAAAAJ
1109,IDmIxqMAAAAJ,sBmXCnsAAAAJ
1110,IDmIxqMAAAAJ,WlFu9ScAAAAJ
1111,IDmIxqMAAAAJ,_R2wQEkAAAAJ
1112,IDmIxqMAAAAJ,DhPsy9gAAAAJ
1113,IDmIxqMAAAAJ,da7qKIEAAAAJ
1114,RXLrz7MAAAAJ,DJsNk_UAAAAJ
1115,RXLrz7MAAAAJ,j5WV3wsAAAAJ
1116,RXLrz7MAAAAJ,5OV-01gAAAAJ
1117,RXLrz7MAAAAJ,ufYrB2IAAAAJ
1118,RXLrz7MAAAAJ,Hj9441gAAAAJ
1119,RXLrz7MAAAAJ,NHNA5s4AAAAJ
1120,RXLrz7MAAAAJ,KjObc1YAAAAJ
1121,RXLrz7MAAAAJ,C7naLLMAAAAJ
1122,RXLrz7MAAAAJ,j1uxwa0AAAAJ
1123,RXLrz7MAAAAJ,aJY8rMYAAAAJ
1124,RXLrz7MAAAAJ,ZdfQgOUAAAAJ
1125,RXLrz7MAAAAJ,WP0tRCcAAAAJ
1126,RXLrz7MAAAAJ,9JAwyjIAAAAJ
1127,RXLrz7MAAAAJ,K7jgGRQAAAAJ
1128,RXLrz7MAAAAJ,6xlUKwoAAAAJ
1129,RXLrz7MAAAAJ,LgoC1HoAAAAJ
1130,RXLrz7MAAAAJ,CHI3MqIAAAAJ
1131,RXLrz7MAAAAJ,BKIZSsUAAAAJ
1132,RXLrz7MAAAAJ,fbuLy0kAAAAJ
1133,RXLrz7MAAAAJ,uzVhBzsAAAAJ
1134,XgFvNVkAAAAJ,UwNutu0AAAAJ
1135,XgFvNVkAAAAJ,Mds1IKIAAAAJ
1136,XgFvNVkAAAAJ,Kgi5kPAAAAAJ
1137,XgFvNVkAAAAJ,fHODxRYAAAAJ
1138,XgFvNVkAAAAJ,wACX5s0AAAAJ
1139,XgFvNVkAAAAJ,BivrFVIAAAAJ
1140,XgFvNVkAAAAJ,GRpxfLYAAAAJ
1141,XgFvNVkAAAAJ,KcPj53cAAAAJ
1142,XgFvNVkAAAAJ,qketqygAAAAJ
1143,XgFvNVkAAAAJ,C8DmPY8AAAAJ
1144,XgFvNVkAAAAJ,bCJoi2IAAAAJ
1145,XgFvNVkAAAAJ,GlFnb0AAAAAJ
1146,XgFvNVkAAAAJ,R5yMWrEAAAAJ
1147,XgFvNVkAAAAJ,TG8vT6MAAAAJ
1148,XgFvNVkAAAAJ,bxsLmD8AAAAJ
1149,XgFvNVkAAAAJ,SrK9Hm0AAAAJ
1150,XgFvNVkAAAAJ,S_TcDvIAAAAJ
1151,XgFvNVkAAAAJ,JH4FkzwAAAAJ
1152,XgFvNVkAAAAJ,IJQ2vPUAAAAJ
1153,XgFvNVkAAAAJ,jLO45VgAAAAJ
1154,CbKGv3YAAAAJ,UxmLE4QAAAAJ
1155,CbKGv3YAAAAJ,0f39qBoAAAAJ
1156,CbKGv3YAAAAJ,KlgfP8YAAAAJ
1157,CbKGv3YAAAAJ,GvFxMyMAAAAJ
1158,CbKGv3YAAAAJ,-Gc6tOkAAAAJ
1159,CbKGv3YAAAAJ,3LxTWSoAAAAJ
1160,CbKGv3YAAAAJ,9bpdU9MAAAAJ
1161,CbKGv3YAAAAJ,aEX2Q0kAAAAJ
1162,CbKGv3YAAAAJ,qpIfQNcAAAAJ
1163,CbKGv3YAAAAJ,KV0g-FMAAAAJ
1164,CbKGv3YAAAAJ,seaJlHMAAAAJ
1165,CbKGv3YAAAAJ,HrvhX_cAAAAJ
1166,CbKGv3YAAAAJ,uX1v68AAAAAJ
1167,CbKGv3YAAAAJ,NVp3eMMAAAAJ
1168,CbKGv3YAAAAJ,5ktn7rsAAAAJ
1169,CbKGv3YAAAAJ,pzykPaMAAAAJ
1170,CbKGv3YAAAAJ,EISUuucAAAAJ
1171,QCl069oAAAAJ,KTkjG9YAAAAJ
1172,QCl069oAAAAJ,7Lh_arwAAAAJ
1173,QCl069oAAAAJ,QhVtC1wAAAAJ
1174,QCl069oAAAAJ,P7be7QsAAAAJ
1175,QCl069oAAAAJ,mX8RcWMAAAAJ
1176,QCl069oAAAAJ,95vE-OUAAAAJ
1177,QCl069oAAAAJ,hGP9raoAAAAJ
1178,QCl069oAAAAJ,ngmpSBcAAAAJ
1179,QCl069oAAAAJ,EnaVhocAAAAJ
1180,QCl069oAAAAJ,Bb_YSAMAAAAJ
1181,QCl069oAAAAJ,WoTcXRQAAAAJ
1182,QCl069oAAAAJ,EKlbimUAAAAJ
1183,QCl069oAAAAJ,YM7gIO0AAAAJ
1184,QCl069oAAAAJ,wbwvgUoAAAAJ
1185,QCl069oAAAAJ,qlpCtxAAAAAJ
1186,QCl069oAAAAJ,mQA79mQAAAAJ
1187,QCl069oAAAAJ,uj0vccAAAAAJ
1188,QCl069oAAAAJ,AekfAtgAAAAJ
1189,QCl069oAAAAJ,M4dOMXYAAAAJ
1190,QCl069oAAAAJ,fYSMVqkAAAAJ
1191,6SJv8tAAAAAJ,0BQzlisAAAAJ
1192,6SJv8tAAAAAJ,XSTsbJ0AAAAJ
1193,6SJv8tAAAAAJ,D1D-_ZkAAAAJ
1194,6SJv8tAAAAAJ,JCqzqUMAAAAJ
1195,6SJv8tAAAAAJ,z2foFg4AAAAJ
1196,6SJv8tAAAAAJ,5mSpljoAAAAJ
1197,6SJv8tAAAAAJ,OfYelQ8AAAAJ
1198,6SJv8tAAAAAJ,zKOgSoIAAAAJ
1199,6SJv8tAAAAAJ,KRkHmBIAAAAJ
1200,6SJv8tAAAAAJ,Ot9eWLsAAAAJ
1201,6SJv8tAAAAAJ,QTAjlj0AAAAJ
1202,6SJv8tAAAAAJ,A72iWSif3OgC
1203,6SJv8tAAAAAJ,Gvn2MXwAAAAJ
1204,6SJv8tAAAAAJ,Gu6BGE8AAAAJ
1205,6SJv8tAAAAAJ,zorKm2EAAAAJ
1206,6SJv8tAAAAAJ,ZpG_cJwAAAAJ
1207,6SJv8tAAAAAJ,ht_PaFUAAAAJ
1208,6SJv8tAAAAAJ,O_-tZGMAAAAJ
1209,6SJv8tAAAAAJ,Sha9_3YAAAAJ
1210,6SJv8tAAAAAJ,INbaZVEAAAAJ
1211,Aquksq0AAAAJ,kI9t0B4AAAAJ
1212,Aquksq0AAAAJ,OnDbMTQAAAAJ
1213,Aquksq0AAAAJ,n0ZdRMoAAAAJ
1214,Aquksq0AAAAJ,1hd4FzYAAAAJ
1215,Aquksq0AAAAJ,ndGb7usAAAAJ
1216,Aquksq0AAAAJ,VXnz-A4AAAAJ
1217,Aquksq0AAAAJ,TPq8k6sAAAAJ
1218,Aquksq0AAAAJ,FFvM_08AAAAJ
1219,YJVAXCwAAAAJ,a-TP_KAAAAAJ
1220,YJVAXCwAAAAJ,jSEHVQcAAAAJ
1221,YJVAXCwAAAAJ,4Ly5wHIAAAAJ
1222,YJVAXCwAAAAJ,PxackNEAAAAJ
1223,YJVAXCwAAAAJ,nPzdYN0AAAAJ
1224,YJVAXCwAAAAJ,OJ2WdXAAAAAJ
1225,YJVAXCwAAAAJ,iBbfPfUAAAAJ
1226,YJVAXCwAAAAJ,FZoAbfsAAAAJ
1227,YJVAXCwAAAAJ,4DD05YMAAAAJ
1228,YJVAXCwAAAAJ,lRos21YAAAAJ
1229,YJVAXCwAAAAJ,w9pCk9QAAAAJ
1230,YJVAXCwAAAAJ,Ke4t1CwAAAAJ
1231,YJVAXCwAAAAJ,080tw50AAAAJ
1232,YJVAXCwAAAAJ,4Bitim0AAAAJ
1233,YJVAXCwAAAAJ,LYI_MnsAAAAJ
1234,YJVAXCwAAAAJ,SulY_M0AAAAJ
1235,YJVAXCwAAAAJ,3rx4mEsAAAAJ
1236,YJVAXCwAAAAJ,6pJiaJgAAAAJ
1237,YJVAXCwAAAAJ,hWe5NqYAAAAJ
1238,UqDQxK8AAAAJ,uZjSxooAAAAJ
1239,UqDQxK8AAAAJ,4HTopiYAAAAJ
1240,UqDQxK8AAAAJ,P_WvmLwAAAAJ
1241,UqDQxK8AAAAJ,GD9vPscAAAAJ
1242,UqDQxK8AAAAJ,i7KRQX8AAAAJ
1243,UqDQxK8AAAAJ,yI5Zv7UAAAAJ
1244,UqDQxK8AAAAJ,8wDOIMoAAAAJ
1245,lp8nNtsAAAAJ,iIEsD-YAAAAJ
1246,lp8nNtsAAAAJ,3754u4kAAAAJ
1247,lp8nNtsAAAAJ,KOw4SGAAAAAJ
1248,lp8nNtsAAAAJ,4KVX28cAAAAJ
1249,lp8nNtsAAAAJ,39uLAgcAAAAJ
1250,lp8nNtsAAAAJ,YzevmGkAAAAJ
1251,lp8nNtsAAAAJ,LBm9wIMAAAAJ
1252,lp8nNtsAAAAJ,VBaTZrMAAAAJ
1253,lp8nNtsAAAAJ,aPimZycAAAAJ
1254,lp8nNtsAAAAJ,z8X4pX4AAAAJ
1255,lp8nNtsAAAAJ,ox7vrVUAAAAJ
1256,lp8nNtsAAAAJ,dwthfMkAAAAJ
1257,lp8nNtsAAAAJ,WZnRL3YAAAAJ
1258,lp8nNtsAAAAJ,-_AiHAoAAAAJ
1259,lp8nNtsAAAAJ,7B7IenQAAAAJ
1260,lp8nNtsAAAAJ,j0hasQ0AAAAJ
1261,lp8nNtsAAAAJ,EDT2or8AAAAJ
1262,lp8nNtsAAAAJ,QNurSXIAAAAJ
1263,lp8nNtsAAAAJ,nvAZf3wAAAAJ
1264,lp8nNtsAAAAJ,jnoUSi8AAAAJ
1265,x3rqCj0AAAAJ,AWQmdOAAAAAJ
1266,x3rqCj0AAAAJ,iKAiTiYAAAAJ
1267,x3rqCj0AAAAJ,rDxlS6EAAAAJ
1268,x3rqCj0AAAAJ,pOOBe8IAAAAJ
1269,x3rqCj0AAAAJ,fzilbbEAAAAJ
1270,x3rqCj0AAAAJ,xGYeA7cAAAAJ
1271,x3rqCj0AAAAJ,3v5kRI8AAAAJ
1272,x3rqCj0AAAAJ,kI38l8cAAAAJ
1273,x3rqCj0AAAAJ,Lo3ANIQAAAAJ
1274,x3rqCj0AAAAJ,2rRZKUsAAAAJ
1275,x3rqCj0AAAAJ,phcFBOoAAAAJ
1276,x3rqCj0AAAAJ,YcjyFFwAAAAJ
1277,x3rqCj0AAAAJ,LFh1fkMAAAAJ
1278,x3rqCj0AAAAJ,ZJtvbGwAAAAJ
1279,x3rqCj0AAAAJ,ArCpwNIAAAAJ
1280,x3rqCj0AAAAJ,MQ8Lnb4AAAAJ
1281,x3rqCj0AAAAJ,dDZEpjEAAAAJ
1282,x3rqCj0AAAAJ,rONoaXwAAAAJ
1283,x3rqCj0AAAAJ,FEWed_IAAAAJ
1284,x3rqCj0AAAAJ,Co7bMB4AAAAJ
1285,U0w4km0AAAAJ,jVijZQkAAAAJ
1286,U0w4km0AAAAJ,yhuRoNcAAAAJ
1287,U0w4km0AAAAJ,uVphGtMAAAAJ
1288,U0w4km0AAAAJ,2sb0rk0AAAAJ
1289,U0w4km0AAAAJ,CCbNz1kAAAAJ
1290,U0w4km0AAAAJ,SKjf-PQAAAAJ
1291,yuBluOMAAAAJ,kMmtFMQAAAAJ
1292,yuBluOMAAAAJ,YLUUbv0AAAAJ
1293,yuBluOMAAAAJ,uX5mynYAAAAJ
1294,yuBluOMAAAAJ,lPTjWIkAAAAJ
1295,yuBluOMAAAAJ,zkc9pukAAAAJ
1296,iYwNEtgAAAAJ,jI6XNZ_AMwIC
1297,iYwNEtgAAAAJ,XTa7DDgAAAAJ
1298,iYwNEtgAAAAJ,CM6V1yYAAAAJ
1299,iYwNEtgAAAAJ,6ok_FbUAAAAJ
1300,iYwNEtgAAAAJ,q5mh9h0AAAAJ
1301,iYwNEtgAAAAJ,IhBj0EwAAAAJ
1302,iYwNEtgAAAAJ,GEXqh0EAAAAJ
1303,iYwNEtgAAAAJ,kOHCV5QAAAAJ
1304,iYwNEtgAAAAJ,7RiVkaAAAAAJ
1305,iYwNEtgAAAAJ,rDfpOWcAAAAJ
1306,iYwNEtgAAAAJ,V49kcl0AAAAJ
1307,iYwNEtgAAAAJ,inMCbToAAAAJ
1308,iYwNEtgAAAAJ,1PHGLosAAAAJ
1309,iYwNEtgAAAAJ,Y_XRbH4AAAAJ
1310,iYwNEtgAAAAJ,il0b8HsAAAAJ
1311,9KQl588AAAAJ,IIl3X3IAAAAJ
1312,9KQl588AAAAJ,6be7CWoAAAAJ
1313,9KQl588AAAAJ,GOyJfNwAAAAJ
1314,9KQl588AAAAJ,Er6dL_0AAAAJ
1315,9KQl588AAAAJ,Vn1NchkAAAAJ
1316,9KQl588AAAAJ,V4tPxEkAAAAJ
1317,9KQl588AAAAJ,XQfCa58AAAAJ
1318,9KQl588AAAAJ,AjHdyyIAAAAJ
1319,9KQl588AAAAJ,nrMKJvoAAAAJ
1320,9KQl588AAAAJ,rFisef0AAAAJ
1321,9KQl588AAAAJ,NqmYAB0AAAAJ
1322,9KQl588AAAAJ,y1trUUYAAAAJ
1323,9KQl588AAAAJ,VzQy2ZMAAAAJ
1324,9KQl588AAAAJ,_35zHKIAAAAJ
1325,9KQl588AAAAJ,GHJGK-wAAAAJ
1326,cbkJ1qUAAAAJ,gm9OtDEAAAAJ
1327,cbkJ1qUAAAAJ,rHgVW2cAAAAJ
1328,cbkJ1qUAAAAJ,TQKBcgIAAAAJ
1329,cbkJ1qUAAAAJ,JtfgdmoAAAAJ
1330,WD3U0hQAAAAJ,Z542M-QAAAAJ
1331,WD3U0hQAAAAJ,3b2nWwEAAAAJ
1332,WD3U0hQAAAAJ,7jek-SEAAAAJ
1333,WD3U0hQAAAAJ,HTx4wIIAAAAJ
1334,WD3U0hQAAAAJ,44m8E1MAAAAJ
1335,Ck2AZLwAAAAJ,bpC-jl0AAAAJ
1336,Ck2AZLwAAAAJ,AR72duAAAAAJ
1337,Ck2AZLwAAAAJ,LAS_j8AAAAAJ
1338,Ck2AZLwAAAAJ,xDRee3UAAAAJ
1339,Ck2AZLwAAAAJ,rYpXJ-YAAAAJ
1340,Ck2AZLwAAAAJ,_DCVkkwAAAAJ
1341,Ck2AZLwAAAAJ,xnXF2xUAAAAJ
1342,Ck2AZLwAAAAJ,QoZjj5cAAAAJ
1343,Ck2AZLwAAAAJ,fUTI3pgAAAAJ
1344,Ck2AZLwAAAAJ,4SpTe5gAAAAJ
1345,Ck2AZLwAAAAJ,mQ1AaYMAAAAJ
1346,Ck2AZLwAAAAJ,erdVCxAAAAAJ
1347,Ck2AZLwAAAAJ,ssD0rRwAAAAJ
1348,Ck2AZLwAAAAJ,_iittygAAAAJ
1349,Ck2AZLwAAAAJ,jlBqYAQAAAAJ
1350,Ck2AZLwAAAAJ,ukp-vRIAAAAJ
1351,Ck2AZLwAAAAJ,mYj5x3MAAAAJ
1352,Ck2AZLwAAAAJ,osLwYNIAAAAJ
1353,Ck2AZLwAAAAJ,oXcYn4sAAAAJ
1354,eP0C07EAAAAJ,n9uIHwwAAAAJ
1355,eP0C07EAAAAJ,BrkJdyMAAAAJ
1356,eP0C07EAAAAJ,2cuJHlIAAAAJ
1357,eP0C07EAAAAJ,gHCc0asAAAAJ
1358,eP0C07EAAAAJ,sR8yUTkAAAAJ
1359,eP0C07EAAAAJ,4052TIgAAAAJ
1360,eP0C07EAAAAJ,ZLpQYB0AAAAJ
1361,eP0C07EAAAAJ,doUAlykAAAAJ
1362,eP0C07EAAAAJ,l63SSQ8AAAAJ
1363,eP0C07EAAAAJ,lNY5hEYAAAAJ
