,0,1,2,3,4,5,6,7,8,9
0,stochastic,dynamical,quantitative,treatment,soil,tip,thermocouple,network,cancer,catheter
1,implementation,11,agents,antigens,tests,assays,hiv,virus,introduction,detection
2,high,blood,used,mir,immune,cell,drug,significant,therapy,time
3,range,preparation,dna,components,methods,cpcs,embryo,resistivity,sensitivity,strain
4,observed,statistical,learning,nanocrystals,individuals,theory,privacy,ba,security,data
5,combination,data,heavy,analysis,pm,flavor,handed,mathrm,left,right
6,functions,assurance,imaging,hcv,brain,state,capacity,remote,flow,platform
7,acceptor,donor,efficiency,dc,effect,research,sio2,devices,university,washington
8,time,findings,systems,temporal,consolidation,recent,studies,brain,amnesia,memory
9,content,prepared,interfacial,matrix,wt,tensile,composites,strength,properties,mechanical
10,model,central,nonresonant,energy,scale,dimensions,density,forward,events,extra
11,present,physically,constraints,annotated,method,developmental,glass,methods,fiber,brain
12,based,study,composting,rf,group,mc,septic,assays,sepsis,patients
13,sa,line,hm,second,end,image,ell,pattern,recovery,similarity
14,especially,number,results,selection,analysis,high,carbon,feature,taken,method
15,pcr,liquid,estimation,disease,years,method,ultrio,assays,used,human
16,channels,injured,percent,autophagy,sk,ca2,road,arrest,san,number
17,approach,effects,fc,showed,receptor,responses,fgfr1c,bispecific,klotho,fgf21
18,unsupervised,learning,protocols,representations,fail,disentangled,squark,upchi,tilde,_1
19,written,used,data,transfusion,mixture,transition,question,donations,blood,specimens
20,000,ovarian,cardiovascular,states,associated,samples,living,microti,blood,risk
21,screening,supplemental,immunoblot,testing,generation,reactive,assay,eia,riba,hcv
22,determine,percentage,changes,pbmcs,cdk7,level,expenditure,expression,patients,cancer
23,agents,ramp,pcl,poss,phase,arms,viral,nat,rna,hcv
24,immunoassay,antigen,samples,acid,nucleic,nat,hepatitis,virus,rna,assay
25,hospital,schizophrenic,higher,anti,early,analysis,antibody,titres,ebv,patients
26,surface,cell,ammonium,gqa,groups,gemini,cationic,micelles,drug,delivery
27,pattern,cox,commercial,variables,research,decursin,determine,process,sponsor,egcg
28,given,tnf,disease,linkage,irs,frequency,mmp,studies,prostate,cancer
29,data,deviations,proton,tev,fb,model,production,standard,higgs,boson
30,toughening,study,45,level,work,tecumseh,clinic,hematocrit,blood,group
31,data,measurements,section,production,order,leading,measured,differential,sections,cross
32,low,phase,mu,dose,responses,patients,doses,hcv,immune,m2
33,pathway,regulated,proliferation,u266,regulation,transcription,signaling,cells,activation,stat3
34,stem,cells,identified,sediment,viral,dental,transmission,cervical,lncrna,hiv
35,measure,mean,hilbert,measures,characteristic,kernel,space,embedding,distributions,probability
36,construction,treatment,15,antibody,transfused,study,donors,weather,used,hla
37,firms,robot,direction,iddm,investment,knowledge,human,inference,time,intention
38,pages,second,multiplicities,source,current,link,770,information,web,page
39,fluids,temperature,iv,systems,identified,blood,enzyme,called,based,cross
40,surface,low,ia,mma,stem,neuronal,wheel,linking,ph,cross
41,factor,atypical,size,reviews,banking,tested,hcv,nat,habitats,positive
42,protein,hepatitis,differential,evaluated,performance,selection,study,virus,eia,hcv
43,vetoed,veto,id,universal,nat,tt,fraction,interval,threshold,additional
44,spectroscopy,short,initial,zn1,xcoxo,jim,lifetimes,angle,metabolic,process
45,judgments,information,items,acquired,training,impaired,declarative,learning,amnesic,patients
46,endothelial,angiogenesis,growth,proliferation,tumor,androgen,mice,vitro,vivo,cell
47,combat,receiving,studies,infectious,containing,20,mean,hypoxia,high,results
48,lung,associated,support,cathode,water,cofilin,nsclc,cell,invasion,opn
49,control,oil,pinus,low,koraiensis,t15,research,hit,stz,eopk
50,media,tses,addition,coupling,lagrangian,parameters,higher,model,studies,pglass
51,number,μm,ends,crosslinkers,stemi,63,guideline,release,patients,ht
52,period,dna,hepatitis,hbsag,15,window,blood,pediatric,infection,hbv
53,using,impact,nat,model,hiv,donor,sapphire,aas,management,risk
54,high,enhancement,protons,pions,kaons,ratios,proton,lead,large,strange
55,annual,cited,times,data,ratio,including,include,life,sigma,bar
56,icons,sounds,chemical,sample,ease,abstract,pituitary,speech,auditory,warnings
57,cs,disease,domain,sectional,cross,measured,new,estimator,incidence,data
58,kinematically,joints,cl1,cd26,different,used,parameter,cover,lncap,c4
59,compatibility,planets,fpcpcu,emission,pancreatic,transit,kepler,field,ras,annihilation
60,gev,region,presents,invariant,energy,cross,proton,section,letter,mass
61,counting,data,determine,employed,systematic,ratios,hadronic,uncertainties,1020,892
62,release,histamine,induced,80,48,mast,compound,cells,allergic,inhibited
63,structure,nonstationary,method,ml,colorectal,changes,protein,time,cancer,data
64,celiac,mucosal,normal,disease,strange,children,gluten,biopsy,templates,reconstructing
65,epidemiology,complexity,using,global,chikv,nyong,mayv,viruses,ks,onnv
66,hsc,mice,cell,phosphorylated,systems,engraftment,transplantation,recipients,nf,applications
67,individuals,negative,infections,nr,films,input,ccmmt,high,results,pcr
68,sample,week,pparγ,total,study,iodine,3t3,l1,alcohol,hdl
69,tests,eeg,prehospital,icus,gathered,parameters,prognostication,gamma,hfill,pm
70,total,225,related,collective,social,kg,given,mg,day,dose
71,length,rna,used,nfc,systems,mp,study,time,nat,scales
72,stroke,building,climate,disease,risk,pad,maternal,trafficking,patients,fetal
73,channel,inclusive,cms,53,dimuon,mid,zero,backward,rapidity,forward
74,conflicts,cardiology,aha,acc,guidelines,college,writing,association,heart,american
75,representations,model,observed,linear,using,classifiers,paper,silver,network,representation
76,risk,structure,approach,simd,multistage,data,control,b0,network,networks
77,studies,using,randomized,minor,heterogeneity,rrna,schools,sscs,medical,miss
78,specific,autoimmune,cells,b10,cell,peptide,pl,eae,mice,mbp
79,used,massive,bosons,radius,single,identify,tagging,boosted,substructure,techniques
80,peut,record,une,que,content,licence,le,cnrs,inist,cc
81,parasite,blood,high,transfusion,using,screening,transcription,endemic,states,babesia
82,complexity,wpu,new,heparin,tan,emerging,neural,margin,routes,training
83,fluorescence,elisas,ifa,eopk,associated,assay,based,transduction,using,lana
84,methods,dna,study,p24,antigen,cells,weeks,samples,blood,conductive
85,tti,heterosexual,transfusion,including,risk,partners,transmission,number,virus,donor
86,event,probability,used,background,likelihood,element,helicity,matrix,single,signal
87,water,hot,acid,using,emt,amotosalen,adducts,nucleic,pva,tm4sf5
88,clia,detected,vasculitis,rna,measurement,machine,antibody,using,accuracy,hcv
89,patients,scientific,mortality,association,american,heart,disease,phd,facc,md
90,gbm,cims,prevalence,chapter,serologic,security,systems,banking,1989,sox2
91,selective,composite,film,gas,mof,performance,separation,membranes,co2,membrane
92,chagas,persistence,patients,based,individuals,pcr,cruzi,parasite,ab3,antibody
93,nsi,factor,delirium,total,using,carbon,emergency,graphs,ccr5,medicine
94,medical,clinical,years,practice,months,12,process,sex,men,male
95,phosphatidylinositol,iap,differentiation,intestinal,violating,tensin,flavour,phosphatase,pi3k,pten
96,feedback,heating,cooling,42,using,cells,ox,intermediaries,private,quoted
97,social,dendritic,ommt,international,twitter,using,fluorescent,students,cells,information
98,ring,function,fdc,opg,domain,structure,single,finger,binding,zinc
99,relations,important,causal,associated,series,data,time,ii,type,htlv
100,grade,misreconstructed,se,reagent,kimchi,dimensionless,genuine,new,model,results
101,given,paper,real,conditional,inference,models,propose,learning,data,causal
102,area,pedot,using,post,diazepam,second,pss,treatment,meal,na
103,type,ii,avidity,collagen,cia,assays,arthritis,recent,infection,hiv
104,gene,used,violence,expression,distributions,analysis,individuals,brain,ue,agrees
105,environment,used,tracks,embodiments,signal,electric,device,volume,field,control
106,receptors,parameters,demonstrated,styrene,probabilistic,decorin,movement,puromycin,compared,melatonin
107,sensitive,using,assays,subjects,assay,recent,hard,parton,double,scattering
108,sequences,method,physics,treg,creb,th17,obtained,cell,cnot2,cells
109,associated,nylon,change,binary,standard,mixtures,age,cl,se,use
110,network,dimensional,hpc,work,area,specific,performance,study,reduction,wbc
111,caulis,ag,cells,meoh,effect,treatment,encoded,sensor,film,190
112,ldl,surveillance,vre,cnisp,1999,2009,airway,increase,using,bacteraemia
113,study,host,α5,determine,time,surfaces,integrin,months,studied,hrqol
114,cardiac,vivo,helper,plating,cells,cell,sky,il,17,stem
115,recommendations,provides,sphere,specific,inn,activity,criterion,data,new,physical
116,amino,acids,resistance,study,brazil,primary,donors,genotypes,hiv,phishing
117,employees,moral,fingerprints,using,different,data,population,model,genome,security
118,hepatitis,experiences,relatives,patients,cotton,planting,haart,hbv,kg,home
119,corresponds,dataset,separated,measured,interaction,interference,distribution,contact,distributions,angular
120,osmotic,lateral,hemolysis,cohort,genetic,snps,associated,study,donors,blood
121,sample,sediment,distribution,mixing,capacity,dimensional,flow,unit,transport,gradient
122,seminal,oligospermic,normospermic,infertile,control,serum,zinc,semen,study,medical
123,based,graph,regularization,framework,kernel,algorithms,machine,problems,methods,learning
124,vibration,efficiency,derivatives,model,phase,binding,called,points,mitogenic,egf
125,optimized,pair,binding,site,base,neural,artificial,spatial,using,resolution
126,applied,transfusion,field,aids,capsaicin,assemblies,reference,large,deepmased,metagenome
127,study,disease,used,functional,invisibly,gfr,ckd,higher,confinement,luteolin
128,multigene,nanocomposites,rgo,families,reduction,reduced,sheets,family,oxide,graphene
129,quasispecies,hmrf,images,samples,used,plasma,novel,genes,fm,model
130,analysis,sera,heat,pursuit,bhmt,matching,reactivity,donor,objectives,c100
131,low,generalized,frequencies,service,high,specific,intercity,bus,contribute,controllers
132,disease,current,framework,network,assistance,cascades,studies,intake,data,sodium
133,warped,parameters,physics,dark,scale,spin,dimension,containing,dimensions,extra
134,linkage,loci,observational,virus,structure,peptide,prostate,information,fatigue,data
135,treatment,oil,included,data,based,age,patients,75,years,study
136,model,based,attraction,perturbed,self,communication,organized,groups,group,individual
137,directions,test,methods,distribution,problem,based,direction,cause,variables,method
138,acid,rate,risk,screening,fame,109,differences,strains,donors,blood
139,respectively,fuzzy,objects,combination,background,noise,mothers,chinese,searches,difference
140,magnetic,using,patients,nucifera,nelumbo,inhibition,digit,effect,m2,children
141,rats,diazepam,men,nico2o4,levels,factor,cholesterol,risk,fold,women
142,currents,email,null,proximal,cavα2δ1,ci,network,bayesian,fcnc,test
143,91,charge,band,il,antibodies,expense,inaccessible,112,incurred,costs
144,agreement,gev,measurement,syst,stat,measured,production,pb,section,cross
145,presented,ras,mir,molecular,variable,network,receptors,analysis,model,th17
146,proposed,transfusions,risk,screening,procedures,new,infection,development,hiv,blood
147,size,harvesting,analysis,growth,subfamily,concentration,blend,films,pcl,ps
148,pronounced,emerges,patients,zn2,emitted,pth,strength,adsorption,high,near
149,ones,blur,framework,pairwise,analysis,approach,relationships,complex,objects,legal
150,2ld,acid,affected,alpha,linkage,amino,susceptibility,prostate,cancer,families
151,dl,level,hypersensitivity,inkjet,inner,core,wire,diet,mg,arrays
152,use,001,domestic,clinical,coronary,mi,energy,recently,non,building
153,different,energy,84,4ℓ,parameters,distance,pp,pbpb,jet,charm
154,annotation,cost,framework,hdl,ibuprofen,samples,multihadronic,sample,decays,z0
155,gas,diffusion,instability,crs,streaming,galactic,simulations,gamma,rays,cosmic
156,tested,samples,using,morusin,populations,blood,risk,eia,strain,microti
157,searching,society,revisions,anesthesiologists,echocardiography,tables,heart,new,recommendations,evidence
158,demonstrated,structures,rubber,bound,cis,cancer,key,sulfur,accelerator,species
159,service,provides,insight,theory,grades,relational,model,relationships,grade,outsourcing
160,ratio,silicon,irradiance,showed,monocrystalline,photovoltaic,efficiency,performance,modules,module
161,helper,hyperon,agent,cis,convex,different,polyurethane,densities,coupling,portions
162,etch,results,processes,neutrino,oxide,capabilities,kamiokande,super,aluminum,solar
163,mass,single,dispersion,peptide,mitochondrial,quantification,mirnas,ptsd,mir,stress
164,current,pooled,star,underestimate,knowledge,prevention,equations,patients,ccs,risk
165,research,agriculture,region,subregions,gbm,kb,tgf,auch,land,b10
166,microwave,map,angiomatosis,confirmed,rochalimaea,pok,znpi,patients,tio,bacillary
167,acid,nucleic,confirmed,united,states,rna,nucleating,positive,wbg,hiv
168,ethnicity,patient,donations,race,african,surgery,evaluation,hiv,preoperative,risk
169,isolated,software,communication,razor,components,response,triggers,description,large,simulation
170,sections,37,31,nucleon,production,pp,ns,ppb,1s,2s
171,kepler,detection,perceived,based,self,multiplied,sld,pixel,hadrons,coping
172,exposure,genome,specimens,framework,catenin,positive,atherosclerosis,graft,impact,cytomegalovirus
173,12,weeks,t0,image,26,disease,16,pairs,patients,62
174,used,using,tissue,information,metastasis,species,pedb,invasion,library,mmp
175,construction,specific,high,ba,launching,expressed,activated,bridge,sr,ppars
176,lines,cell,adducts,cellular,expression,dna,hcc,hbv,afb,980
177,species,light,bp,mm,number,invisible,neutrino,z0,width,91
178,detector,standard,limits,using,model,data,anomalous,couplings,events,production
179,vessel,balloon,coronary,atrial,high,supported,pc,angioplasty,pi,patients
180,field,nm,contact,detection,including,strain,nanotube,median,ppy,using
181,antibody,rna,virus,hepatitis,pcr,hbv,106,infection,infected,hcv
182,material,data,dna,95,string,ml,b19,iu,casing,cutting
183,channel,interference,structure,states,models,carried,investigated,fourth,yielding,excited
184,kaluza,width,model,sundrum,randall,resonant,dimuon,narrow,resonances,resonance
185,testing,sensitivity,percent,cases,generation,rapid,test,antibody,hiv,tests
186,reported,results,calculations,simulations,model,experimental,flow,data,information,structure
187,group,factor,protons,viral,net,laboratory,agents,type,infection,synthesis
188,comparing,using,nylon,time,cocaine,based,tests,distributions,test,statistic
189,effects,paa,trauma,injury,membrane,viscosity,proteins,shear,xg,cmc
190,poss,inorganic,tzd,infection,viral,blood,disease,patients,hcv,heart
191,asymptomatic,dose,heifers,cidr,high,em,da,removal,pgf,day
192,nonlinear,arbitrary,field,learning,machine,hydrogen,method,fe,case,bond
193,transverse,momentum,pseudorapidity,event,collisions,tev,particles,multiplicity,particle,charged
194,plasma,leptons,13,absence,decaying,primary,light,il,hcv,hadronically
195,regression,ordinal,para,pacientes,binary,en,los,prm,el,la
196,effect,inhibitor,heart,failure,ace,patients,use,repair,based,ddac
197,profiling,cells,cumulants,spectrometry,scalar,product,molecular,cancer,stem,lee
198,terms,pcr,specimens,operator,rate,hiv,numbers,positive,laboratories,bounds
199,valvular,cardiovascular,management,heart,panel,disease,consensus,disorders,procedures,guidelines
200,fibres,breach,environment,factors,study,representations,based,data,process,virtual
201,used,emissions,cell,renewable,composition,flavour,biomass,gluons,production,energy
202,com,gsk,ve,helicopter,kinase,used,3β,sphk1,hif,1α
203,believed,acute,management,experience,software,synthetic,knowledge,time,csf,guidelines
204,assessments,describes,selecting,estimation,data,level,proteins,patients,trigger,calculation
205,mortality,cellulose,thermoplastic,tpu,nfc,using,confirmed,power,factor,hcv
206,addition,main,fenton,focus,work,polymerization,radical,feminist,reaction,ir
207,carcinoma,gastric,physiological,science,nfc,membrane,membranes,assembly,fu,self
208,cct,empirical,hilbert,criterion,test,based,schmidt,hsic,independence,denv
209,patients,bowel,inflammatory,atherothrombosis,mortality,control,metformin,children,tamoxifen,disease
210,report,measurement,present,detector,tevatron,ii,96,collider,cdf,fermilab
211,mmd,distance,functions,mean,spaces,reproducing,space,hilbert,kernels,kernel
212,acc,randomized,numbers,committee,clinical,evidence,changes,new,trials,recommendations
213,structural,use,community,t2,cross,domains,link,women,plants,species
214,rice,equation,fields,pulses,electron,water,ionization,laser,dependent,time
215,using,hcv,polarised,crystal,percent,blood,photonic,donors,testing,nat
216,work,fabricated,grown,chemical,single,swnt,growth,swnts,using,films
217,evaluation,group,assays,cell,10,performance,blood,assay,hiv,incidence
218,single,based,approach,approaches,world,search,heat,ecosystem,trees,urban
219,roughness,study,disease,non,adiponectin,temozolomide,machining,determinants,toxicities,surface
220,forms,ctl,149,new,butadiene,using,2ld,sbs,poe,styrene
221,chromatography,rat,immunoreactive,classes,based,study,high,indole,h3,b7
222,disease,cell,patient,ak,specimens,cruzi,infections,10,usa,wnv
223,ph,guidelines,development,vapor,quality,condition,solvent,aβ,rage,practice
224,range,tev,collisions,proton,production,mass,momentum,energy,transverse,gev
225,model,hiv,nickel,ci,calculations,95,incidence,100,py,surface
226,statistical,connectivity,brain,functional,study,000,lis,clis,emotional,state
227,mutant,attacks,studied,time,surface,hsa,using,phishing,hadronically,tau
228,shape,thermoplastic,structure,continuous,network,carbon,conductive,phase,tpu,cb
229,cosmic,uncertainty,scale,atlas,detector,using,calibration,data,calorimeter,energy
230,blood,hbv,antigen,antigenemia,hepatitis,incidence,test,donors,time,hbsag
231,nanotube,step,gel,predetermined,interfaces,catalyst,anti,method,include,endotoxin
232,conference,atherosclerosis,using,au,mobile,islands,device,human,swcnts,island
233,low,scenarios,searches,small,isoform,based,exon,myelin,notch4,mbp
234,anemia,anti,factor,systems,rate,blood,monkey,deficiency,safety,new
235,analyses,pla,dna,gel,case,cell,pre,hiv,pcr,sc
236,specific,like,words,response,rat,art,antibody,subjects,azar,kala
237,charm,dijet,previously,using,categories,hadrons,electrons,spatial,beauty,flavour
238,frozen,analysis,cd3,storage,counts,using,porous,approach,fresh,wb
239,concern,disease,bnns,detection,na,fa,lactobacillus,xe,rna,hcv
240,following,methods,acute,viral,infections,load,early,individuals,infection,hiv
241,cycles,equation,known,acyclic,general,causal,structural,models,variables,scms
242,reduction,products,plasma,labile,molecules,methods,consumers,trust,commerce,blood
243,bcis,cognitive,self,based,cardiovascular,bci,eeg,brain,patients,als
244,hcv,peptides,cells,large,nat,virus,blood,wnv,viremia,responses
245,1979,pattern,prpsc,mice,data,results,image,prion,sho,com
246,embl,operation,residues,information,sequence,different,process,nucleotide,data,incineration
247,utero,murine,layers,recipients,janeiro,rio,cells,doped,analysis,impurity
248,ppc,prevention,death,risk,age,neurodegenerative,disease,diseases,cvd,mfc
249,nanoparticles,lat1,results,based,ℓν,targeting,learning,efficiency,sm,ℓℓ
250,88,molecular,search,doubly,allograft,biomarkers,intermediate,diagnosis,rejection,charmed
251,arv,odds,hiv,drug,ccr8,america,ci,95,resistance,tdr
252,search,models,proton,mediated,particle,gauge,supersymmetry,particles,lived,long
253,identified,different,detection,single,genome,rapid,amplified,target,sequences,pcr
254,associated,role,cns,cells,wnv,cell,u937,signaling,1β,il
255,patients,gyrus,acupuncture,zu,werden,pd,von,und,die,der
256,blood,used,sfn,graft,vascular,incidence,htlv,estimated,frrs,recent
257,adults,heart,nhlbi,acc,aha,develop,blood,management,guidelines,cardiovascular
258,high,mapks,vision,senticosus,real,tracking,table,ball,tennis,using
259,question,ells,english,practice,literature,writing,standards,language,virus,research
260,cells,protein,genome,molecular,single,ptfe,type,cancer,cell,immediate
261,bci,conductive,herbal,stacked,assay,ethanol,pattern,region,device,doped
262,nonlinear,distribution,based,additive,discovery,data,models,noise,causal,model
263,quarks,vector,coupling,signal,charge,electric,like,opposite,channels,sign
264,growth,anti,investigated,significantly,suppressed,activity,induced,expression,cancer,cells
265,films,ternary,antigen,content,caco3,cells,elastomer,filler,tpu,pom
266,form,brazil,circulating,family,tlr,blood,effective,recombinant,relative,bs
267,frozen,independently,disease,discrimination,nonmatching,task,shoulder,proper,patients,tasks
268,recipient,sequences,group,kt,2005,ptsd,mp,data,nat,gel
269,blood,reported,positive,tested,pcr,semen,detection,rna,samples,zikv
270,resolution,high,additives,extraction,method,performance,energy,missing,chromatography,liquid
271,properties,study,gp,potential,transition,eva,temperature,films,girls,phase
272,prevalence,study,risk,hiv,transfusion,donations,donor,virus,donors,blood
273,blood,matrix,channel,são,demonstrate,blending,samples,chains,resistance,gr
274,maize,left,completion,ira,study,ventricular,patients,word,recall,priority
275,donation,animals,protein,index,blinded,results,cruzi,chagas,cardiomyopathy,rates
276,given,stem,fact,story,hybrid,cell,strategy,coding,q6,gene
277,using,decaying,fully,bosons,20,polarization,diboson,wz,ww,zz
278,tendon,peritendinous,genera,foliar,species,analysis,growth,anatomy,siv,adhesions
279,activity,assay,transcriptional,activation,latency,short,ratio,long,hiv,transcripts
280,10,based,years,lt,2005,12,b2,2004,et,al
281,acids,fatty,hdl,film,mm,02,loss,hdpe,cooling,bioi
282,antibodies,molecular,nanocomposite,nanocomposites,kinetic,thermal,silica,pen,group,pc
283,total,analysis,level,san,francisco,rosiglitazone,distributions,white,model,tasks
284,pep,babar,stat,syst,detector,energy,width,10,mass,mev
285,analysis,trench,layers,expression,collection,results,compared,mutations,data,scd
286,diagnostic,artery,left,chest,emission,arterial,criteria,patients,coronary,cardiac
287,sub,cml,associated,activation,inhibitor,g1,iia,tanshinone,caspase,apoptosis
288,widths,detector,states,mass,amplitudes,charm,decay,decays,mesons,meson
289,laser,10,production,held,label,mutation,ball,group,reflected,sodium
290,606,stroke,transcripts,cases,mortality,muscle,group,prp,dpl,tanshinones
291,particle,brittle,blends,b19,children,2004,hdpe,december,influenza,caco3
292,cell,derived,angiogenic,lr,method,rccs,methods,regularization,ba,levels
293,software,derived,analysis,deep,high,recombination,results,requirements,recombinants,sequences
294,models,position,rules,associated,genotype,ra,used,alleles,positions,risk
295,using,theta,images,optical,waste,colocated,effects,noise,lens,detectors
296,observational,time,simple,view,rheological,organoclay,model,criteria,information,visual
297,uninfected,entamoeba,amebae,virology,fim,virus,27,protozoa,cells,tregs
298,level,confidence,set,95,model,upper,tev,limits,mass,search
299,netherlands,france,usa,australia,countries,shikonin,calcification,implemented,derivatives,hcv
300,countries,virus,donors,hepatitis,hcv,assays,hiv,hbc,screening,anti
301,oxidative,elegans,risk,paper,level,factors,lifespan,er,security,stress
302,anti,gravity,deuterons,coalescence,model,spectra,thermal,holes,black,quantum
303,stroke,aged,years,divided,total,plasma,sd,adolescents,levonorgestrel,adults
304,efficiency,reuse,tagging,based,contact,polystyrene,microspheres,reported,lsp,size
305,improved,new,cell,15,disease,partial,000,widths,standard,mean
306,alkyl,chain,groups,carbonate,phosphatidylcholine,polyurethanes,poly,surface,urethane,fluorinated
307,overline,hh,ctni,cap,surface,used,insulating,upgamma,non,resonant
308,conference,electronic,library,ais,information,aisel,filtration,blood,cell,cells
309,geostrophic,phellinus,medical,little,population,advanced,equation,result,anti,cad
310,transverse,search,proton,expectation,standard,collider,hadron,atlas,model,large
311,559,subsp,receptors,distinct,activity,eip,bacteriocin,lactis,learning,knowledge
312,structure,ros,dmn,vitexin,feed,swcnts,spider,using,silk,extending
313,risk,infection,celiac,disease,cell,pharmacists,denv,hpv,vaccination,zikv
314,cardiac,religious,animals,factors,level,data,public,awareness,study,general
315,1xev,assignment,bmp,pkc,vivax,day,standard,chloroquine,treatment,access
316,using,lepton,small,antibodies,adipocyte,hoop,conservation,characterised,rotational,pipes
317,function,dijets,pp,collisions,leading,centrality,nucleon,tracks,pbpb,dijet
318,introduce,schedule,mg,048,reviewing,optimal,di,amp,repetition,spaced
319,policies,calcium,infection,cases,94,median,ptb,phosphate,rna,weeks
320,effects,superoxide,scavenging,extract,potent,activities,showed,antioxidant,activity,compounds
321,important,xii,viii,piezoelectric,control,whisker,smc,tables,damping,used
322,using,years,consumers,intention,leading,trauma,rare,trust,history,stroke
323,hospital,data,development,cardiovascular,sci,era,tio2,research,clinical,health
324,size,incident,study,pe,pa11,kit,mutation,inference,patients,cluster
325,configured,study,information,relationship,outsourcing,game,model,trust,technology,adoption
326,systems,algorithms,causal,observers,data,noise,edi,human,time,la
327,polypeptide,identical,antibody,proteins,residues,light,sequence,chains,acid,amino
328,jh,s107,strains,variants,gba,donors,sequences,showed,singly,ncs
329,bdo,security,containing,various,alternative,quantum,hypotheses,numbers,parity,spin
330,separations,sites,track,blood,samples,texas,assays,differs,minor,influenza
331,study,patients,results,10,13,prevalence,years,hypertension,antibodies,hla
332,training,present,following,using,known,experimental,data,classification,drugs,unlabeled
333,banks,ea,collected,transplant,address,umbilical,units,cord,180,blood
334,tissue,elucidated,cells,tunel,colorectal,induces,population,acid,positive,ursolic
335,water,soluble,th2,expression,th1,conditions,cloud,culture,sod,cells
336,stage,glycidyl,disease,poss,donors,beat,liver,blood,patients,bp
337,01,chd,component,prevention,events,cholesterol,mortality,secondary,coronary,cl
338,20,balb,myeloma,binding,sequences,3000,terminal,neutrino,neutrinos,heavy
339,probable,platelet,cobas,alveolar,zikv,clinical,states,bone,zika,prf
340,ir,fat,bbb,associated,t2dm,development,complexity,glioma,data,dw
341,determined,strains,dna,management,subtype,1a,organizational,waste,1b,hiv
342,activated,factor,tumor,treatment,expression,anti,protein,cell,study,cells
343,injected,tolerance,ipsilateral,large,obtained,forelimb,low,process,threshold,movements
344,frequency,progressively,chamber,eeos,pistons,reversibly,forced,injected,repeatedly,mold
345,model,training,based,algorithm,proposed,image,images,approach,method,kernel
346,therapy,treatment,new,atherosclerotic,low,guideline,blood,density,lipoprotein,cholesterol
347,use,events,phase,acute,adherence,bleeding,factors,type,risk,patients
348,women,moon,physics,experiment,lhc,ii,study,vvrs,reactions,upgrade
349,measurements,data,sample,femtobarns,sqrt,integrated,corresponding,charge,inverse,asymmetry
350,nh3,tar,ma,indicatori,gli,il,si,2018,caffeine,del
351,pattern,iron,heat,temperature,ursolic,m2,copper,pcm,foam,rt
352,strategies,patients,survival,zno,nanocrystals,mips,particles,infected,human,polymerization
353,drivers,practitioners,outsourcing,high,symmetry,data,ibd,helical,using,relationship
354,buffer,electrophoresis,products,sample,pcr,used,capillary,motion,analysis,data
355,donors,positive,level,copies,viremia,obtained,ml,plasma,rna,hcv
356,using,study,sec,ag,loss,pok,vs,uptake,pvdf,fit
357,md,society,american,care,15,experiments,interests,sterile,patients,health
358,positive,donations,1988,infected,privacy,testing,blood,lymphotropic,ii,htlv
359,months,anodes,algorithm,coming,posttransplant,sei,nm,based,model,ck
360,donors,levels,results,mapping,samples,hepatitis,viral,antigen,hbv,hbsag
361,publication,ha,types,metric,terms,humans,pmid,indexed,medline,mesh
362,age,participants,tested,standard,alternative,american,snps,cd4,methods,hcv
363,village,leukoreduced,methods,significant,study,based,samples,unobserved,miss,ka
364,blood,non,background,injury,performance,writing,measure,committee,set,lr
365,development,testing,transfusion,virus,acid,blood,nucleic,antibody,vibration,hcv
366,2001,sv,risk,hiv,reduction,components,donations,1999,pathogen,blood
367,high,existing,method,invariance,communication,bci,asd,diphoton,disease,sound
368,associated,test,public,crisis,breach,model,discussion,rumor,universality,data
369,2012,large,scale,gev,depending,reconstruction,efficiency,muon,momentum,resolution
370,events,fraction,babar,decay,sample,detector,decays,fractions,branching,10
371,pseudoscalar,models,ml,bes,axial,dynamics,beijing,population,mediator,vector
372,blood,raised,study,tcs,used,risk,diabetes,heart,central,patients
373,cbs,transfusion,infection,model,discriminant,blood,emerging,pathogen,recipient,risk
374,igg,donations,positive,virus,blood,rna,samples,igm,donors,wnv
375,generative,generated,independent,mechanisms,data,performed,worm,distribution,assumption,date
376,like,variety,time,accompanied,classifying,terms,activities,2hdm,isolated,sm
377,approaches,monitoring,waes,problem,new,marginal,data,learning,encoders,af
378,parallel,algorithm,sowing,rg,10,obtained,2002,change,vh,november
379,semantic,10,subtype,pcr,trg,hiv,chd,patients,benznidazole,lower
380,sensitive,blood,results,methods,σtt,analytical,dna,sensitivity,assays,cmv
381,space,ambient,graphene,resistance,corrosion,method,epoxy,coating,using,tm4sf5
382,systems,study,services,aureus,causes,activity,femoral,theft,identity,patients
383,interferon,art,384,donors,plasma,seroconverting,samples,methods,dna,cmv
384,limit,framework,treated,subjects,raltegravir,intensification,reservoir,based,bayesian,detection
385,data,physics,diffusion,dmri,bundlemap,disease,layered,information,high,features
386,nanofluid,temperature,velocity,ma,protein,equations,flow,current,cross,concentration
387,assay,water,therapy,soluble,methylene,chloride,acetate,ethyl,reversal,mdr
388,direction,occupational,use,following,time,modified,nonoccupational,mwcnts,exposures,pep
389,oxidation,ses,ischemic,model,treatment,films,digestion,significantly,mg,kg
390,wbcs,drug,high,molecular,cells,results,assembled,cell,wbc,solvent
391,treatment,levels,nf,enhancer,positive,expression,kappa,transcription,transcriptional,cells
392,10,hcv,cisplatin,risk,class,fold,old,blood,years,donors
393,results,established,resonance,magnetic,imaging,turbines,mw,pdms,ep,wind
394,contact,task,surface,solder,method,death,atherosclerosis,subset,domain,pad
395,high,significantly,nanotubes,different,patients,form,ms,carbon,nhsk,cnts
396,iii,cncs,propylene,work,aids,pla,increase,blood,cnts,ppc
397,using,synthesized,transform,prepared,fourier,infrared,glycol,ethylene,spectroscopy,poly
398,annealing,polymer,located,drilling,high,surface,low,dielectric,exactly,hadronization
399,transfectants,structure,presenting,mhc,normal,cells,antigen,hierarchical,processing,cell
400,collected,209,lower,charged,derived,mass,gev,l3,centre,energies
401,interactions,statins,antibody,data,information,increased,genes,content,protein,diversification
402,standard,model,quark,limits,leptons,search,gev,scalar,production,pair
403,feature,reptation,astronomical,nonlinear,education,meteoroid,sporadic,au,space,sites
404,protein,kno,showed,quercetin,20,estrogen,tongue,polarized,cvd,hrt
405,dijet,hadrons,seen,method,spherulites,conductive,ldpe,second,017,scbpe
406,function,genes,generation,diabetes,study,correlations,amyloid,ad,secretase,aβ
407,performed,wnv,ph,similar,based,index,screening,donation,coefficient,nat
408,wh,zh,induced,arrest,insulin,galloyl,penta,p53,glucose,pgg
409,explored,health,mass,ranges,excluded,journal,range,lancet,600,gev
410,time,number,focal,dna,copy,sample,cancer,blood,complex,nat
411,therapeutic,gln,tsa,ppy,deception,group,wound,used,different,burn
412,temporal,graviton,inoculation,injury,injuries,concentration,high,1p,wh,zh
413,cell,constant,dielectric,rgo,dad1,receptor,particles,tcrac,gluon,bt
414,electroweak,uncertainties,results,accumulated,total,elastic,error,section,tot,cross
415,pressure,blood,havcr1,transfusion,terrorism,subjects,hepatitis,african,descent,hcv
416,pc,achieved,content,degradation,reported,modified,high,effects,temperature,mwnts
417,analysis,fragment,human,restriction,receptor,tcr,gene,cell,alpha,beta
418,2003,cardiovascular,followed,disease,disaster,clinical,factors,atherothrombosis,events,risk
419,post,wbc,specific,sampled,blood,wbcs,pedot,pss,donor,tx
420,12,010,02,using,meson,009,ps,modes,baryon,lifetime
421,studies,atlas,antibody,antigen,donations,donors,p24,screening,2010,trigger
422,tuberculosis,development,pnipaam,days,τν,vector,aid,used,proteins,africa
423,column,silica,ms,structures,nmr,repeated,etoac,compounds,isolated,chemical
424,hydroxyl,learning,csf,charge,fluid,human,mass,phase,proteins,protein
425,china,participants,transition,specific,data,study,genes,cardiovascular,disease,hhv
426,coating,laser,depth,profiles,genomes,large,snse2,genome,high,coverage
427,window,variations,anti,large,effects,mesons,lead,argue,nucleon,hb
428,tests,anti,donors,possible,routing,detection,blood,antibody,assays,hiv
429,335,different,assay,13,irb,samples,2006,continuation,filed,application
430,mutant,nervous,banking,protein,cns,mouse,shiverer,myelin,mice,mbp
431,identified,rats,distribution,sensorimotor,projections,animals,motor,fibers,lesions,cortical
432,ocs,risk,association,stroke,study,cases,women,hospital,europe,use
433,analysis,medical,analyses,lifetimes,american,cardiology,therapeutic,charge,impact,care
434,cultures,nat,pmcs,subsequent,substrates,time,positive,csps,assay,detected
435,america,develop,potential,asa,center,nile,rvs,relaxation,identification,stroke
436,confirmed,increased,introduction,region,indeterminate,loss,display,pth,hepatitis,non
437,omics,rbc,donors,days,metabolomics,iii,red,study,cell,blood
438,including,provided,formulation,replacement,results,water,new,use,algorithm,perform
439,hcv,abs,protein,mice,donors,lettuce,eta,mv,eia,pt
440,particles,fourier,relative,pbpb,long,angle,range,azimuthal,correlation,correlations
441,momentum,event,cosmic,ray,0032,underground,data,ratio,auditory,icon
442,different,separate,single,mutations,myeloma,immunoglobulin,producing,chain,data,antibody
443,learning,data,negative,interactions,fluorescence,rest,used,false,pcr,results
444,ml,learning,sensitivity,component,sample,hcv,detection,ca,feature,nat
445,reproduced,mail,energy,fragmentation,higher,response,simulations,corrected,monte,carlo
446,scale,patients,diabetes,type,carbohydrate,content,dinner,insulin,fat,ms
447,glioma,electron,cross,films,biofilm,synthesis,imprinted,molecularly,protein,polymers
448,heavier,different,model,emergency,tb,tagging,65,response,age,cylindrite
449,recent,using,analysis,interactions,reaction,activity,patients,chemotherapy,study,phase
450,wb,lq,screening,plasma,testing,using,b19v,viral,nat,blood
451,na,nonlinear,ea,ufpr,18,ppm,sp,os,000,view
452,cross,phase,specimens,assays,conversion,undoped,hcv,thermal,donor,nat
453,macaques,ramp,pool,inoculation,comment,aug,set,vrna,stage,plasma
454,2009,outcome,students,email,messages,determination,sbse,pole,autophagy,ulk1
455,anti,blood,brand,standby,prophylactic,group,bypass,high,patients,cps
456,engraftment,hiv,using,cell,cd34,disease,dose,kg,10,networks
457,infectious,mass,new,information,band,data,safety,blood,sin,gamma
458,app,nearly,000,effect,diagnosis,curtailment,million,energy,hf,wind
459,energy,vaccine,used,equation,connections,factors,axonal,ema,study,neocortical
460,site,characteristics,self,important,solution,fibers,vibration,cellulose,high,nest
461,ray,properties,investigated,grown,si,thickness,temperature,surface,growth,gan
462,nat,alt,hepatitis,incidence,blood,testing,subtypes,rates,samples,hcv
463,gb,genotype,case,control,samples,subjects,pcr,matched,patients,cmv
464,analytical,patients,samples,plasma,sensitivity,hiv,positive,blood,spiked,gbv
465,fb,syst,states,sample,mass,stat,decay,decays,state,final
466,residual,wp,used,time,data,window,using,infection,model,00
467,patients,group,fed,diet,root,lipid,fat,study,levels,hookeri
468,hg,mm,risk,ventricular,media,patients,users,social,lvedp,information
469,incidence,samples,results,plasma,avidity,values,hiv,using,dbs,assays
470,effect,model,17,c60,th17,dopaminergic,20,il,ohda,mice
471,20,nano,16,annealing,particles,caco3,toughening,work,pp,toughness
472,reference,enhancement,components,nat,target,wnv,plasma,viral,screening,data
473,components,51,using,dna,blood,assays,tt,validated,39,cmv
474,cancer,models,940,nanosheets,rgo,patients,datasets,organic,solvents,elderly
475,events,measured,energy,proton,gev,dilepton,jets,mass,lepton,quark
476,organic,fabricated,temperature,illumination,deposited,electrodes,humidity,sensor,surface,ag
477,peripheral,blood,epithelial,com,hsct,cell,crystal,oxalate,renal,cells
478,capacity,control,pten,lithium,material,iscs,ion,controller,voltage,current
479,trigger,prediction,computational,high,function,york,problem,cdnas,data,new
480,adaptive,myocardial,management,infarction,acc,aha,figure,patients,guidelines,acute
481,coupling,corrections,energy,values,event,models,mean,shape,distributions,qcd
482,transfusion,death,factors,transfusions,relational,antibody,chains,governance,study,regions
483,chromosome,loci,surgery,patients,identified,evolution,100,protein,cluster,cases
484,based,tissue,cells,pseudorapidities,cell,spin,interaction,dark,stem,matter
485,hexane,fractions,using,carried,silica,methanol,gel,column,chromatography,fraction
486,worms,day,based,fruits,infection,developed,nhs,diabetes,health,check
487,offer,step,present,paper,experimental,women,graduate,earlier,studies,program
488,solid,prepared,beverage,drug,bioavailability,study,solubility,amorphous,dissolution,oral
489,reduced,ideal,ma,increased,graphene,enhanced,zno,oxide,fiber,ga
490,rccs,density,different,cryo,grained,atomistic,methods,coarse,model,resolution
491,sheets,varies,electrons,using,fractions,muons,right,left,handed,bosons
492,cern,venous,rate,cms,electromagnetic,tracker,photon,reconstruction,energy,photons
493,yield,used,international,non,molecular,transfusion,medicine,infection,hepatitis,hcv
494,reported,30,drug,carriers,blood,pcr,seropositive,donors,ii,htlv
495,western,art,seroreversion,scn,acute,infection,days,generation,antibody,early
496,far,nuclear,days,butanol,decitabine,reactor,daya,bay,antineutrino,detectors
497,strong,raw,size,risk,consumer,purchasing,264,graphite,trust,strain
498,anglia,index,prospectus,human,composite,courses,collagen,uea,faculty,research
499,ii,11,cells,centers,infected,recently,laser,genome,hiv,blood
500,fluorescent,newborn,cortical,cerebral,transplant,cortex,fetal,host,transplants,rats
501,bodies,immunology,μm,blotting,pbpb,western,unity,64,aa,dmnq
502,islamic,electrode,rabbit,residues,pesticides,group,electrophoresis,samples,pim,aging
503,exposed,glutathione,gills,methods,microscopy,scco2,silica,ed,fish,dpl
504,proteins,prion,infected,brain,protein,purified,scrapie,30,27,prp
505,effect,disease,conjugated,solution,study,depletion,striatum,power,bone,acp
506,igg,patients,infection,dna,recipients,data,step,transmission,b19v,exclusively
507,quality,agn,screening,stroke,disease,cancer,linkage,based,ca2,evidence
508,life,trusted,teos,threatening,attestation,acute,properties,silica,patients,pva
509,limit,rate,form,fig,10,mass,upper,report,sup,mu
510,seroconversion,cardiac,vsds,defects,asds,septal,ratios,mri,samples,rt
511,reactive,ldpe,combined,testing,rr,mp,donations,id,strategies,nat
512,national,retrovirus,epidemiology,safety,study,ii,research,donor,reds,blood
513,200,alignment,exploiting,subsequent,expected,dijet,shapes,expectations,plus,exclusive
514,hospital,sonography,pre,cell,method,2012,used,antibodies,line,using
515,results,pge2,subjects,compared,heyneanol,studies,12,nonwoven,double,layer
516,nnlo,away,near,hr,trigger,associated,normalized,pva,diagnosis,pa6
517,ratio,gas,density,tio2,alkyne,transfer,water,fibers,nps,heat
518,strip,detector,regeneration,chapter,calcium,ch,graphical,decoding,ion,bone
519,attributed,gan,output,power,increased,light,pc,quantum,efficiency,leds
520,evidence,terms,mortality,information,vegetables,cruciferous,cmc,cvd,cancer,observations
521,present,structure,behavior,monomers,rouse,simulation,polymers,mean,square,dynamics
522,j558,idiotypes,b1355s,units,antibodies,dextran,blood,hospital,rwb,wb
523,classifier,data,learning,algorithms,svm,machine,classification,machines,support,vector
524,physicians,infected,taq,human,pol,public,resonant,transfusion,look,hcv
525,persistent,diverse,higher,clinical,ag,detection,order,statistics,naive,cells
526,bb,values,570,showed,activity,μμ,showers,14,μν,yield
527,constructing,pd,nivolumab,individual,action,obesity,research,icon,pdf,teacher
528,sample,clearance,blood,transfusion,assays,days,ranging,structure,leukocytes,donor
529,existing,username,email,molecular,user,password,free,log,account,register
530,sarcomas,computer,developing,underrepresented,emission,educational,professions,pipeline,health,programs
531,mode,differential,techniques,low,frequency,voltage,supply,high,gf,pl
532,phase,light,incidence,efficacy,study,peo,scale,pain,phn,patients
533,plasma,concentration,methylation,patients,dose,propranolol,hpv,icc,response,therapeutic
534,left,circulation,pulmonary,release,stack,pipe,high,light,used,scaling
535,sample,results,data,functions,covering,numbers,rvs,cisplatin,using,sensor
536,monomer,using,imprinted,sharing,sex,drug,years,person,hcv,idus
537,ex,near,similarity,isoflavones,cycles,menstrual,data,gluon,lower,peak
538,ak,specific,synthetic,dimuon,dielectron,1994,1500,il,lum,mab
539,prevalent,2020,policies,fear,access,fractures,media,time,vertebral,crime
540,period,incidence,estimate,fibromyalgia,syndrome,irritable,bowel,denv,dengue,clinical
541,performance,time,avidity,therapy,solution,hiv,oral,assays,recent,incidence
542,cryptotanshinone,mouse,neuroinvasive,symptomatic,risk,vaccine,infection,infections,disease,wnv
543,predictive,information,p4,personalized,preventive,disease,physics,systems,new,medicine
544,wave,retinal,nm,360,green,uva,cell,classes,light,damage
545,recycling,material,life,end,monitor,study,caspase,monitors,computer,issues
546,used,structure,cross,cells,film,applications,films,polymers,surface,2d
547,refer,extinction,percutaneous,meth,pci,rats,treatment,sessions,angioplasty,coronary
548,sibling,plasma,nucleotide,sct,levels,t2dm,liver,001,data,ir
549,complete,area,regions,comparisons,given,unaffected,blood,donations,disaster,affected
550,node,lg,successful,isosulfan,methylene,sentinel,patients,gel,blue,dye
551,vaccinated,acute,dna,anti,new,clinical,individuals,10,hepatitis,hbv
552,grained,particle,coarse,resolution,approach,different,initial,dynamics,molecular,simulations
553,components,phishing,tumors,preterm,cells,lines,maternal,myc,neuroblastoma,cell
554,dkk1,modelling,hcc,workshop,national,second,fda,health,student,business
555,pdc,engraftment,bone,marrow,iut,yields,image,limb,pi,sup
556,study,immune,patients,reported,blood,detected,cure,cell,alt,mitochondrial
557,different,origin,2010,spatial,groups,social,international,used,information,students
558,employed,discrete,efficiency,digital,systems,ms,immobilization,gp,simulation,activity
559,osteoporotic,chair,syndrome,risk,fractures,years,patients,metabolic,phd,md
560,bloggers,nano,applications,study,benzene,months,social,studies,trust,performance
561,ro,positive,ld,md,disease,group,alpha,patients,heart,ra
562,ees,ses,scd,year,mn3o4,laboratory,mace,mobile,study,pcr
563,fillers,cnts,percolation,conductive,filler,composites,electrical,polymer,conductivity,thermal
564,form,ia,oic,en,reactive,3β,28,coa,12,acid
565,cancer,group,treatment,lacz,analysis,promoter,ad,expression,gdnf,genes
566,eia,assessed,ifn,conversion,form,positive,assays,specific,hcv,idus
567,breach,processes,exchangers,ehrenfest,proteins,data,dynamics,significant,cleaning,fairness
568,fibre,study,intention,reinforcing,different,high,seals,south,rater,hsv
569,model,comparison,worse,mercury,experimental,developed,depth,simulations,data,subjects
570,bb,probed,transductive,singlet,inference,nci,cl,units,γγ,exotic
571,electromagnetic,transistors,ps,plasma,time,infection,vaccine,liquid,argon,samples
572,cd3,services,problems,second,did,seen,eeg,cd,22,years
573,electron,based,used,lhc,performance,reconstruction,data,identification,electrons,algorithms
574,risks,virus,2002,period,donations,blood,infectious,window,risk,residual
575,study,chagas,lldpe,mwcnt,positive,network,mwnts,results,eia,samples
576,myometrium,10,inclusively,calibration,determined,barrel,cms,resolution,energy,pregnant
577,data,based,extracts,agents,mineral,le,genus,calcium,strain,streptomyces
578,chronic,resolved,lower,organism,base,gc,ai,growth,agar,infections
579,dynamic,structure,packing,pp,molding,morphology,shear,injection,phase,blends
580,heavy,quarks,vector,spin,bosons,narrow,dijet,masses,resonances,tev
581,results,charged,gev,reflecting,lep,higgs,ii,sector,doublet,type
582,neutralizing,algorithm,real,non,immunoglobulin,results,detection,data,series,time
583,screened,combined,reports,human,mononuclear,hiv,cells,blood,500,000
584,using,analyze,036,subjects,compared,fractions,scb,1002,mpe,cap
585,diversity,studies,benign,verified,arranged,reading,member,device,storage,data
586,composite,drug,metabolic,properties,range,study,circumstances,pth,sound,release
587,seeds,high,seed,low,percentage,fatty,date,dates,acids,patients
588,virus,homing,using,eia,infection,viruses,envs,chronic,ls,hiv
589,ii,assay,persons,obtained,30,p21e,cutoff,methods,htlv,aa
590,asymptomatic,control,hiv,subjects,pp,transition,brittle,ductile,epdm,patients
591,properties,organoclay,layered,network,effect,isotactic,polypropylene,ipp,nanocomposites,clay
592,radius,high,large,radii,collisions,momentum,correlation,correlations,functions,pion
593,infinite,segments,nanorods,excited,critical,surface,consisting,solutions,zno,existence
594,glutathione,hypersensitivity,trigeminal,citric,loratadine,c2,study,analysis,cavα2δ1,orofacial
595,protein,acid,based,care,st,sbr,microspheres,sample,filled,glut4
596,analyses,unlike,application,protein,mobile,compatibility,pions,einstein,bose,model
597,veliparib,survival,recipients,gba,brca1,female,male,im,response,patients
598,predictions,sigma,ell,breach,lepton,theo,mathrm,triple,text,pm
599,yield,results,hcv,donation,period,window,hiv,million,donations,nat
600,reported,human,30,2015,using,including,rates,hospital,adipose,observables
601,polypeptides,homology,polypeptide,ia,ni,partial,filler,oh,constant,dielectric
602,process,particle,nucleon,assuming,scattering,diphoton,light,matter,invisible,dark
603,mobile,remote,model,pt,range,beam,used,ψπ,3872,upsilon
604,lesion,temporal,memory,impairment,bilateral,damage,monkeys,lesions,hippocampus,hippocampal
605,chamber,resolution,efficiency,time,drift,performance,cms,data,muon,track
606,older,catalytic,cc,control,disease,cardiomyopathy,bd,cruzi,donors,chagas
607,spatial,vehicle,motor,related,study,ca,sequences,analysis,crashes,alcohol
608,antigen,region,antigens,molecules,histocompatibility,major,mouse,complex,class,genes
609,second,renormalization,adsorption,exp,theor,fe3o4,molecularly,αs,imprinted,polymers
610,plasma,tissues,virus,inoculation,rm,vaginal,vrna,transmission,google,zikv
611,compared,cell,time,cd4,cooling,lamellar,monitored,temperature,heating,coordinate
612,process,forces,increasing,properties,moving,roll,inducing,base,shear,web
613,case,bnnss,high,pe,drug,masses,pa12,adrenal,mr,liver
614,lower,higher,performance,dyes,fuel,solutions,oil,diesel,dye,engine
615,major,collective,evidence,acc,new,cumulants,guidelines,updated,text,changes
616,half,rg,filtered,similar,type,studies,terminus,blood,fc,fgf21
617,gmp,ferrooxidans,new,genome,sequence,hd,haplotype,analysis,haplotypes,partner
618,reperfusion,provided,stage,ccd,beam,therapy,charge,plate,transparent,image
619,session,ra,esl,user,query,search,subjects,sensorimotor,sessions,information
620,cp,solid,composition,sequencing,projection,al,flow,increased,nh3,inn
621,information,set,incident,critical,systems,ra,management,design,response,emergency
622,grinding,wet,environmental,longitudinal,taken,ultrasonication,activity,time,analysis,gluon
623,real,based,poly,standard,ps,model,occurring,self,pdms,assembly
624,development,day,capital,oxidation,haemoglobin,use,hfe,iron,mutations,donors
625,fl,boosting,patients,pla,new,pu,cf,algorithm,class,network
626,characterized,obtained,approach,network,significant,cumulants,sheet,distribution,coefficients,polarisation
627,thermostable,survivor,logo,method,frequency,polymerase,selection,feature,high,questions
628,cluster,surface,w138,c32,atrial,acid,anti,cells,iib,iiia
629,respectively,instability,study,rotation,age,speed,rpm,pain,symptoms,patients
630,model,standard,observables,asymmetry,direct,asymmetries,decays,violating,violation,cp
631,starting,spliced,aneurysm,aorta,temperature,cell,abdominal,splicing,start,flow
632,inter,hiv,samples,results,agency,npc,systems,sharing,study,information
633,quantitative,array,hybridization,mail,usage,assay,melanoma,spam,hla,oligonucleotide
634,recombinant,opponent,based,cα,cδ,mwnts,human,cell,il,22
635,effects,sequences,carrier,objectiveto,ha,hydrogels,infant,dbs,hiv,maternal
636,sections,states,condition,ua,nstemi,published,recommendations,common,management,disease
637,general,new,node,underlying,time,diffusion,models,networks,information,network
638,learned,enterprise,inbred,genetic,implementation,dm,level,study,risk,management
639,animals,rats,adult,demonstrated,influenza,ipsilateral,diversity,corticospinal,tcr,tract
640,bis,10,study,cells,patients,oc,studies,outsourcing,permeability,cancer
641,students,infrastructure,annealing,analysis,modification,distance,photoproduction,frequency,critical,mu
642,challenges,searches,frequency,guidelines,films,committee,angiography,coronary,hz,10
643,variables,ppr,persons,aids,13,ipp,redox,study,antibodies,resolution
644,materials,serum,melting,used,bovine,actuator,sigma,eh,purchased,usa
645,set,measures,instances,data,treatment,myocardial,infarction,elevation,st,stemi
646,donor,incidence,macaque,nid,2012,2010,data,wnv,95,ci
647,deltamethrin,network,wt,pp,tolerance,pr,mwcnt,ova,high,mice
648,dpim,formation,molding,shear,pe,kebab,injection,melt,shish,structure
649,different,obc,mfcs,microfibrils,propylene,glycol,refined,ratio,ratios,pp
650,crossing,performance,resolution,bowel,position,tag,cancer,primary,data,vertex
651,providers,partnership,commitment,donors,current,provider,htlv,viruses,outsourcing,service
652,demonstrated,cruciferous,vegetables,preclinical,education,various,management,studies,invasive,itcs
653,extended,cga,formulation,effects,bilayer,brain,data,interferons,release,interferon
654,concentration,characteristics,bvp4c,response,model,number,partial,radiation,cross,nonlinear
655,including,pla,reproduces,fibronectin,atomistic,platelet,adhesion,tsp,solvent,cells
656,poe,conditions,cobalt,assays,studies,phase,speed,mwnts,using,xmrv
657,emitting,active,electrode,light,substrate,nitride,formed,type,semiconductor,layer
658,vβ11,using,dataset,common,human,stimuli,sars,ms,subject,cov
659,information,expression,modeling,papers,meeting,neural,learning,processes,business,process
660,mirnas,network,specific,ranked,ability,use,time,mirna,cells,tg
661,effects,mucosa,studies,transfusions,large,small,selenium,ir,compact,solenoid
662,hacat,insertion,anesthesia,state,transferase,membrane,cases,surface,tnf,fptase
663,infections,recent,acid,agents,derivatives,plasma,blood,nanocomposites,nanotube,cnt
664,257,l0,d0,intake,hormone,capd,smart,patients,grid,3885
665,induced,deds,containing,family,receptors,pathway,nf,death,κb,caspase
666,neutrino,describing,gev,element,signature,performed,mechanism,ch,mixing,majorana
667,patients,scd,cardiology,cardiovascular,clinical,health,women,association,american,society
668,gradients,training,vulnerable,image,size,disease,perturbations,increases,network,networks
669,persons,cases,hepatitis,infection,risk,variants,ancestry,hiv,clearance,hcv
670,dr4,multiple,signal,sj,phase,effect,patients,linear,dr5,data
671,exchanger,ratio,heat,effectiveness,flow,cdh,surface,wet,using,air
672,economic,conjunction,stroke,cardiovascular,statistical,factors,update,heart,disease,health
673,nps,na,ml,cells,mbf,plga,uptake,nanoparticles,min,cab
674,emotional,labor,patients,group,responses,study,families,age,control,distress
675,assays,patients,seropositive,positive,pcr,donors,gbv,cruzi,blood,samples
676,gev,forward,energies,mass,model,data,leptonic,hadronic,delphi,lep
677,rate,drg,simple,spherical,segregated,usage,form,rubber,multilayered,study
678,data,years,age,families,diagnosis,mean,lod,gma,ma,coffee
679,fingerprints,invention,survey,older,molecular,years,sample,data,specific,organ
680,sensor,processing,model,zoom,high,low,output,signal,resolution,image
681,ciftci,pcr,minor,sensitivity,microchimerism,specific,detection,gf,11,10
682,derived,electrical,resonant,anastomosis,length,extended,dileptons,pulmonary,artery,hose
683,levels,immunodeficiency,plasma,cd4,viral,virus,cell,infected,infection,hiv
684,based,cardiovascular,loe,recommendations,current,evidence,society,clinical,documents,guideline
685,single,based,kinematic,reacted,space,recombinant,phase,point,variables,acceptance
686,ncds,governments,infection,donations,global,community,time,hbsag,using,hbv
687,solution,content,time,fluoride,crystallinity,ratio,draw,phase,pvdf,crystalline
688,growth,pl,fragment,bsa,cells,human,acid,rcf,ecm,chiral
689,high,weight,sequence,dimensional,sodium,polyacrylamide,protein,electrophoresis,gel,proteins
690,env,different,tat,assurance,regions,patients,distinct,region,molecular,strains
691,systems,melts,linear,model,properties,length,molecular,chains,polymer,chain
692,identified,response,ovarian,aerial,ms,peptides,protein,chemotherapy,parts,proteins
693,effects,based,investigate,balb,design,transfused,donor,transfusion,mice,blood
694,automated,chain,detection,polymerase,method,sequence,reaction,single,analysis,dna
695,group,provide,using,components,wise,recourse,method,data,independent,ica
696,approximately,days,gbm,phase,window,mayv,virus,al,markers,et
697,energy,rich,dimensional,high,porous,electrolyte,electrochemical,carbon,electrode,ingan
698,005,level,false,alpha,threshold,extract,statistical,pm,significance,05
699,syndrome,disease,seropositive,health,donors,abnormalities,myocardial,clinical,mi,ecg
700,outcomes,acc,cardiology,acs,association,heart,risk,guidelines,american,patients
701,read,reading,cells,immune,molecular,ia,000,cell,surface,antigens
702,chick,frve,chain,alpha,early,verniciflua,embryonic,like,adult,globin
703,b1,behavior,2001,involvement,electronic,commerce,construct,models,consumer,internet
704,dual,hydrogels,ad,field,levels,paeonol,treatment,said,thymocytes,biochemical
705,age,women,genes,genetic,based,factors,efficiency,modulation,recovery,cd4
706,prevention,medication,medications,defined,data,sfn,patients,atherothrombotic,adherence,disease
707,nanocomposites,human,tem,project,layers,exfoliated,intercalated,pp,montmorillonite,mmt
708,integration,wind,transmission,acid,nucleic,data,report,transfusion,testing,amplification
709,rh,hub,technique,uv,study,sc,sox2,edi,ultrasonic,egma
710,latent,cross,model,terms,encoders,trigger,auto,pot,wasserstein,distribution
711,ip,considered,parameterisations,coupling,experiments,constraints,fermions,hcv,10,rates
712,junctional,data,heart,brain,28,cellular,protein,junction,000,gap
713,tissue,study,emails,detection,systems,cancer,wdr19,phishing,business,capture
714,physics,expectations,heavy,processes,pair,new,requiring,mathrm,flavor,light
715,antibody,hla,process,agents,resources,discrete,resource,allocation,preference,information
716,mini,wrapped,square,particles,hbsag,mp,wire,hbv,nat,mm
717,aa,update,donor,factor,art,recipients,fetal,qq,30,cells
718,algorithm,labels,simple,points,labeled,consider,supervised,unlabeled,problem,data
719,estimator,using,ratios,patterns,brain,spatial,significant,methods,based,estimators
720,method,rna,300,c4,follow,new,cells,slp,data,cd4
721,showed,new,isolated,ic50,spectroscopy,bsa,serum,time,structure,μm
722,hadrons,obtained,method,different,triangular,results,anisotropic,coefficients,elliptic,flow
723,process,public,new,makers,regarding,maker,clinical,decisions,making,decision
724,study,acceptance,compliance,gov,95,hcv,citizens,government,services,service
725,compared,mapping,prevalence,multilayer,swnt,rna,anti,patients,gt,hcv
726,clinical,232,study,4260,meninges,patients,radiation,initial,58,3872
727,blind,sars,cov,deconvolution,antibodies,access,terminal,signal,hla,hybrid
728,43,constrains,time,use,unpolarized,analyses,occurs,confounder,plasmacytomas,alpha
729,parameter,space,physics,performed,context,data,susy,gluino,search,supersymmetry
730,antibody,id,rna,risk,donations,screening,infection,nat,anti,hcv
731,education,effect,air,peep,evaluation,intervention,study,early,camera,community
732,use,factors,history,disease,mannich,polybenzoxazines,risk,anemia,cad,mi
733,management,interoperability,incident,patients,paper,model,data,standards,emergency,information
734,increased,effect,60,frac,critical,range,anti,mg,bar,br
735,systems,improve,bds,dielectric,pdms,76,sio2,diversity,bnnss,surface
736,human,recent,use,nuclei,assay,pcr,al,et,rna,piatak
737,antigen,antibody,students,hsct,patients,cell,class,blood,hla,antibodies
738,reference,sample,v3,ncs,tmax,clones,region,133,f23,expression
739,mic,successful,transgenic,mu,manikin,instructor,salicylhydrazide,used,training,feedback
740,using,fe3,reaction,surface,public,transactional,people,access,fe2,use
741,line,display,increased,signal,feed,treatment,naoh,fermentation,nh3,straw
742,trials,12841,12821,fossil,results,molecular,gitr,12801,ppc,organic
743,cooled,acacia,sheets,workforce,growth,students,highly,ipp,paper,lldpe
744,mri,small,epoxy,activity,intestine,cox,using,expression,mhc,ii
745,recognition,chip,cpcs,lens,composite,temperature,peg,board,ipp,app
746,crystallization,time,filler,observed,forms,fluorescein,acute,heart,biopsy,rejection
747,function,pi3,kinase,ell,nf,κb,proteins,sigma,protein,nu
748,new,dependence,independence,based,random,variables,test,topic,information,user
749,enrolled,revascularization,associated,association,cardiovascular,angina,patients,artery,disease,coronary
750,counselling,capital,high,important,forms,site,genetic,risk,use,hc
751,normal,demonstrated,tissues,androgens,human,identified,profile,regulated,67,prostate
752,tested,genetics,smc,antibodies,rna,neonatal,binding,bnns,blood,zikv
753,variant,median,heat,alloy,disease,fluctuations,subtype,treatment,based,patients
754,scattering,oriented,angle,ray,pp,orientation,polyethylene,high,density,hdpe
755,symptoms,rated,effective,scans,functional,gsh,uc,self,treatment,common
756,gev,mass,model,neutralino,tev,excluded,proton,production,search,masses
757,receptors,genome,receptor,finished,pp,hrcs,sample,retrovirus,kainate,human
758,training,using,changes,fixed,problem,quality,network,data,approach,spatial
759,2003,infections,95,ci,time,patients,000,screening,mp,nat
760,prostate,based,pollinators,textile,free,volume,industry,barrier,pva,strain
761,scientific,expression,diabetes,meat,japan,flexible,transparent,mcf,cox,mmp
762,dsc,crystal,morphology,microscopy,weight,scanning,behavior,molecular,temperature,crystallization
763,aml,pneumococcal,protein,outcomes,ligand,reducing,worms,copd,phishing,exacerbations
764,samples,nd,vs,outcome,xmrv,subjects,hla,disease,wnv,pc
765,study,ma,samples,wnv,mp,assays,screening,10,pa,nat
766,new,sp,eeg,calorimeters,calorimeter,dyes,reactive,14,data,patients
767,risk,lowering,treatment,ldl,atp,therapy,iii,cholesterol,clinical,trials
768,control,generating,dual,sources,idea,cause,function,based,method,data
769,block,installed,tumors,sirna,cell,tumor,cells,cancer,ar,nk
770,fluorine,10,method,conditions,hydrochloride,perioperative,blockade,beta,quality,ml
771,approach,models,dependence,cxcr4,return,genomic,different,anethole,breaks,ue
772,management,cardiovascular,patient,therapies,procedures,practice,clinical,care,disease,guidelines
773,assay,showed,effect,mld,high,porcine,placenta,using,response,polymorphisms
774,involve,analysis,progress,motivated,interacting,threats,research,81,plane,92
775,behavior,term,multiple,losses,year,adenovirus,accounted,deferral,search,percent
776,identifying,relies,science,target,study,t1dm,design,factors,data,risk
777,described,comprising,methods,used,vector,pattern,face,pv,expansion,vectors
778,study,data,english,sources,teacher,current,thermal,twitter,led,temperature
779,specific,aids,ril2,proliferative,arc,patients,lymphocytes,sm,cmv,noise
780,studies,viruses,human,related,study,oxidative,epns,xmrv,blood,dox
781,high,opportunities,tested,study,energy,hh,hhv,physics,collider,fcc
782,collaborations,care,icu,collaboration,cooling,data,methods,book,patients,used
783,chemistry,blood,structure,synthesis,likely,fluorescent,identity,linked,research,genetic
784,dtx,dta,trends,1996,drug,cells,shock,heat,resistance,blood
785,single,ra,recoiling,glass,interfacial,reinforced,tc,split,universal,fiber
786,mass,sequential,shell,tev,pp,heavy,analysis,neutrino,electron,muon
787,assay,hiv,cells,using,assays,blood,qvoa,pvp,size,reservoir
788,poss,epdm,insulin,tempo,cellulose,glucose,pp,blends,polystyrene,ps
789,effects,water,spectrum,data,efficiency,grain,direct,total,radiative,indirect
790,comatose,031,3p,fixed,ohca,vectorlike,used,survivors,035,th
791,changes,genetic,cellular,dna,human,mm,hg,past,years,biology
792,development,tsp4,induced,dorsal,cord,neuropathic,nerve,pain,injury,spinal
793,observed,10,groups,plane,group,ch,charged,ea,event,jet
794,age,open,ducti,extraction,form,inflations,oil,cent,close,overline
795,alice,nn,76,central,gev,tev,measured,centrality,collisions,pb
796,health,antibody,million,infection,model,diseases,testing,cdc,persons,hcv
797,cell,specific,assay,antigens,years,drug,seronegative,responses,drms,hcv
798,potential,information,capacitive,scoring,results,ec,team,breast,spin,patients
799,wheat,patients,bed,yield,resistivity,methods,report,planting,sowing,19
800,kg,men,30,primary,cvd,diabetes,women,care,wc,bmi
801,labels,using,hbc,specimens,assay,positive,99,assays,pcr,anti
802,movement,trajectory,based,hpc,joint,paper,specific,robot,striking,ball
803,16,conducted,retrospectively,information,recipient,11,recipients,rna,positive,denv
804,head,start,attributes,quality,non,c1,measures,efficiency,c2,prompt
805,inclusive,reports,anti,algorithm,cross,energy,miniboone,neutrino,absolute,jet
806,sp,ryanodine,presented,high,3h,insp4,insp3,information,drug,binding
807,stereocomplex,temperature,crystallites,polylactide,lactide,melt,poly,pdla,sc,pla
808,supercapacitors,performance,pcr,pwv,ncf,early,wbcs,wb,study,mxene
809,42,zh,channels,tan,activity,primed,mice,invisible,il,140
810,network,new,image,block,tissue,scanning,electron,org,www,model
811,peaking,women,anger,evidence,human,risk,structure,variants,reported,robot
812,using,patients,alleles,children,group,based,risk,01,study,sle
813,studies,fibrosis,reported,risk,progression,age,use,injection,drug,infection
814,patients,current,ideas,briefly,feature,main,energy,case,demand,completely
815,methyl,strain,embryos,masses,f1,treg,mice,dba,simultaneous,swr
816,suggested,py,acoustic,vα,polymorphism,repertoire,tcra,germline,encoded,receptor
817,deposition,regression,values,parameter,wc,number,model,cholera,sv,tpv
818,technique,10,fe,2000,loss,november,planting,vertex,yield,displaced
819,clpxp,dependent,cdg,activity,rcda,cycle,kfs,cell,ipp,ctra
820,non,ht,fetal,alleles,latent,separation,blood,po,hla,haplotype
821,coronary,asymptomatic,artery,subjects,possible,atherosclerosis,limited,included,evidence,listed
822,decursin,mcf,electrophoresis,oxidation,model,splitting,estrogen,specific,strategies,testing
823,beginning,mwnt,compression,game,oxidation,kinetics,value,ratio,transmitted,transfusion
824,general,nh2,terminal,acids,dynorphin,il,used,leu,enkephalin,peptide
825,class,age,years,mean,year,rivers,variation,bass,smallmouth,recruitment
826,range,background,excess,boson,expected,higgs,mass,model,standard,gev
827,time,guest,host,self,material,nsclcs,pbmc,cells,blood,allogeneic
828,amnesic,pvdf,control,naphthols,nbt,order,words,patients,lighter,subjects
829,september,day,rate,quality,plts,blood,donors,using,study,rbc
830,infection,conclusions,training,propagation,data,delay,worm,domain,test,time
831,concentration,big,gastrin,dose,response,therapeutic,ml,plasma,patients,propranolol
832,μs,terminal,μm,task,stems,mrna,igm,membrane,study,words
833,studies,behavior,users,study,online,research,privacy,internet,security,information
834,study,measurements,case,positive,reservoir,cancer,total,sct,allo,breast
835,specific,anti,communication,television,alcoholic,based,warnings,advertising,rat,80
836,current,gradient,coordination,peg,wnv,emergency,strategies,use,testing,policy
837,shetland,fatty,triglycerides,ponies,breeds,lipid,pin1,concentrations,months,horses
838,associated,hiv,reduce,exogenous,spacings,cell,filtration,units,blood,jj
839,pi,fuel,stoker,content,process,grate,oxygen,secondary,combustion,air
840,ci,positive,using,negative,nat,hcv,hiv,hbsag,testing,infection
841,μm,ml,concentration,inhibited,dose,dependent,inhibitory,manner,extract,activity
842,patients,separation,materials,hydrophilic,fibers,surface,oil,mr,water,hydrophobic
843,protein,dna,mouse,analysis,sequences,region,human,genes,sequence,gene
844,chain,controlled,addition,polymers,fragmentation,radical,reversible,transfer,raft,polymerization
845,methods,images,ac,correction,based,imaging,ct,attenuation,pet,mr
846,halobacterium,young,appropriate,heart,fractions,valvular,adult,guidelines,proteins,text
847,mediators,mri,model,positron,tomography,charged,flux,emission,directly,map
848,statistical,integrated,measured,fraction,decays,data,fb,branching,decay,lhcb
849,commerce,patients,post,study,alf,theory,expectation,trust,consumer,satisfaction
850,near,state,bi,pbi,dielectric,bz,showed,15,mm,bzposs
851,short,consequences,need,crises,spread,harms,media,information,people,misinformation
852,using,analysis,cancer,cell,cdna,gene,prostate,genes,expressed,expression
853,reaction,lattice,dimensions,higher,templex,assay,results,type,hpv,leptoquark
854,blood,response,generalization,exemplar,derivative,hcv,gaba,opa,exercise,levels
855,induced,specific,popper,learning,organ,enriched,liver,proteins,blood,theory
856,viability,proteins,protein,cancer,liver,mrna,lines,trail,apoptosis,cell
857,new,failure,end,stress,stage,patients,cj,disease,hemodialysis,renal
858,results,data,predicted,bosons,supersymmetric,parameter,neutral,higgs,minimal,mssm
859,comment,transfusion,pin1,relationship,axonal,transport,breast,mda,231,mb
860,lamp,driver,efficiency,lighting,current,generation,tests,led,power,high
861,inserts,artificial,large,human,sequenced,sequence,genome,bac,clones,sequencing
862,females,charge,antigen,granulocyte,study,molecular,samples,hna,antibody,hla
863,fed,control,2003,34,15,delayed,2002,2001,site,reactions
864,low,important,likely,cabbage,high,chinese,2003,patients,benefit,risk
865,threshold,nlo,statistical,bepcii,pole,23,process,gev,besiii,cross
866,methods,blood,eligible,history,metronidazole,percent,donors,topical,donor,aq
867,previous,space,extend,expectation,700,dimensional,values,constrained,tan,equal
868,predicted,region,binding,hela,18,fusion,cells,hpv,e7,protein
869,dexamethasone,alpha,plasma,tumor,dose,mortality,patients,high,tnf,il
870,association,cardiology,european,rhythm,society,acc,disease,american,af,heart
871,photocell,30,consumers,network,results,nas,min,ot,food,digital
872,production,method,map,views,ge,network,tcraj,graph,isorhamnetin,view
873,residual,2001,nat,yield,p24,incidence,signatures,data,alkali,fragmentation
874,eia,new,virus,hcv,transmitted,mrca,infection,viral,model,specimens
875,experiment,perceived,wide,major,decursin,expected,physics,signatures,atlas,detector
876,rates,labor,future,states,united,children,parents,development,cvd,women
877,leukocytes,infections,viruses,suggests,clone,donor,showed,transmission,blot,southern
878,schölkopf,recognition,theory,chapter,title,print,information,genre,published,author
879,infections,recent,95,sera,year,1998,testing,incidence,sensitive,hiv
880,polymer,terephthalate,grafted,ld,ultrasonic,nanocomposites,ftir,polymerization,situ,pet
881,electromagnetic,pairs,extracted,photons,40,methods,classes,photon,20,direct
882,mass,data,quark,momentum,proton,energy,events,transverse,jets,jet
883,blood,ml,average,hemoglobin,ng,low,levels,iron,ferritin,hepcidin
884,selected,cat,virus,specific,lattice,present,endogenous,related,development,genes
885,membrane,receptors,scaffolds,cells,vdr,ohase,brain,receptor,ligand,1α
886,emergency,research,use,encoding,irrigation,antibiotic,triple,model,design,breast
887,hhv,drawn,vector,input,algorithm,given,data,problem,space,feature
888,nat,presence,immune,observed,results,clinical,sample,cells,hbsag,hbv
889,oa,translation,hypoxic,utr,sw620,high,cb,dtx,mtor,pic
890,sales,subjects,simulation,facts,data,factors,study,hadrons,transfused,efficiency
891,multiple,prf,expression,korean,major,recourse,drg,counterfactual,l5,explanations
892,acute,mi,survival,cumulant,used,dose,patients,beta,radii,blocker
893,studies,charged,coli,countries,atherothrombotic,isolated,cardiovascular,tested,isolates,resistant
894,evidence,transfusion,donors,severe,cases,using,samples,blood,superinfection,sftsv
895,hiv,different,recent,material,pj,infections,100,incidence,median,52
896,adoption,low,digital,metal,payment,rl,block,guidelines,obc,based
897,fibers,analgesic,recent,kernel,inflammatory,evaluating,torilin,randomized,anti,pc
898,melting,hepatic,fibrosis,protein,regions,brain,genetic,women,factors,genes
899,assessment,weight,isak,current,body,40,frequently,ginkgetin,virus,bc
900,yrs,normal,lobe,age,frontal,korsakoff,syndrome,amnesic,ss,patients
901,team,processing,based,step,network,nano,particles,epdm,pp,sio2
902,promising,sergenti,blood,guidelines,science,clinical,review,practice,implementation,strategies
903,using,emt,genomic,mesenchymal,transition,epithelial,sox2,presented,pla,formula
904,growth,kaempferol,glucopyranoside,management,antiangiogenic,phytochemicals,signaling,instrument,endothelial,rhamnopyranosyl
905,14,procedure,phosphorylation,evidence,lvad,increased,class,heart,treatment,exercise
906,25,women,state,hiv,samples,age,men,donors,obesity,blood
907,cells,region,genes,immunoglobulin,segment,chain,cell,variable,segments,gene
908,ttis,parameters,composite,sns,rgo,emi,high,nat,chip,shielding
909,variables,provide,urban,weather,results,regressors,approach,expansions,mean,climate
910,ser,acid,pro,gly,leu,amino,sequence,lys,arg,peptide
911,evaluation,device,stenting,symptoms,population,stabilizers,direct,loss,study,hd
912,structure,pps,ratio,formation,fibers,whisker,clay,polarized,property,pa66
913,heat,evaporative,exchangers,p450,cross,cycle,750,conditions,flow,cooling
914,pai,charge,average,brca1,cag,hdpe,oscillation,distribution,stc,pole
915,dsc,reaction,rats,length,activated,diazepam,video,polymorphism,subjects,xe
916,lactis,notch4,hcws,seroconversion,management,dsm,endothelial,following,occupational,exposure
917,64i,study,free,mfc,cd133,conditions,samples,cell,plasma,serum
918,influence,based,segments,hydrogen,water,different,privacy,hydrophobic,events,competition
919,gh,results,blood,time,social,strong,models,years,patient,hf
920,data,control,processing,nuclei,repeat,processors,parallel,ft,pasm,time
921,association,heart,cardiology,college,document,www,copies,org,permission,american
922,pacing,recipients,levels,refractoriness,based,crystals,evidence,lca,antibodies,hla
923,observation,various,clinical,recipients,transmission,trend,transient,transfusion,sexual,partners
924,use,human,kinetics,ds,antibody,seropositive,current,psoralen,channel,hkv1
925,america,transmission,central,mm,multiple,expert,region,patients,bortezomib,zikv
926,dissolution,debye,hückel,drug,vitro,used,formulations,coating,pdms,pvp
927,signals,neutron,gw,waves,data,virgo,detectors,wave,ligo,gravitational
928,response,survival,zika,pj,want,treatment,primary,brca,evidence,pc
929,study,patients,years,infarction,technicolor,time,topcolor,data,012,antitop
930,titled,sections,contains,methods,classification,semi,data,regression,chapter,learning
931,interface,work,strategy,melt,crystallites,facile,blends,lactide,poly,plla
932,development,aqueous,approach,bf4,bmim,liquid,ionic,biology,biological,systems
933,cycle,heat,metric,ultrasound,set,vertices,solid,desiccant,ta,gel
934,induced,antibodies,hbv,pcr,blood,module,hiv,protein,vaccine,lweq
935,using,maternal,mrit,low,elite,pcr,assays,controllers,blood,art
936,eye,emotions,stimuli,doping,time,oscillation,event,center,patients,oscillations
937,starch,fructokinase,pressure,suc,fru,english,subjects,chinese,native,adults
938,competitive,simulation,approach,methods,create,properties,tissues,new,structures,systems
939,related,symmetric,involves,notification,polar,field,campus,compliance,systems,emergency
940,breaking,containing,supersymmetry,parity,simplified,involving,gluinos,gluino,squark,squarks
941,surrounding,views,complex,experiments,representation,work,microstructure,networks,makes,generative
942,crucial,interface,patient,change,standardized,status,process,nzb,transfer,data
943,data,activity,serologic,human,viral,results,wnv,virus,wb,dr
944,screening,blot,tested,western,eia,blood,positive,infected,anti,hiv
945,30,non,studied,heavy,th,loss,associated,energy,isolated,photon
946,torque,teno,high,transfusion,ipdi,silent,question,data,mwcnt,infections
947,rich,receptors,antithrombotic,significantly,induced,amorphous,annealing,collagen,aggregation,platelet
948,diabetes,theoretical,criteria,glucose,experimental,based,uhmwpe,systems,new,biological
949,donors,memories,ginkgetin,banks,p62,sqstm1,37,cnot2,facilities,blood
950,biocompatibility,temperature,good,properties,biodegradable,biodegradability,degradation,lignin,waterborne,chitosan
951,temperature,rat,tgf,samples,temperatures,cncs,project,growth,cs,human
952,based,tested,catalyst,method,identified,strains,results,hbv,test,genotype
953,length,height,fab,methods,supercritical,indicators,age,dispensing,fluid,weight
954,large,morusin,machine,risk,surface,different,providers,dust,information,relationships
955,available,reduction,different,quasi,model,equilibrium,manifold,chemical,mechanism,reaction
956,10,100,ratio,scientific,dpph,compositions,light,radix,radical,visible
957,hiv,reduce,cosmic,kaempferol,prevention,process,speed,size,incidence,petg
958,positive,cancer,exposure,phthalate,based,cervical,e6,astragalin,hpv,e7
959,evaluated,assessment,wb,c18,donors,env,points,study,used,cue
960,mobile,data,used,complexes,circulating,based,immune,risk,factors,information
961,assay,thresholds,donor,total,demand,transfusion,human,titers,blood,nab
962,donor,trauma,transfused,associated,ta,microchimerism,mc,blood,patients,transfusion
963,10,approach,function,coupling,network,exploration,health,rewards,malaria,acute
964,synthase,inducible,stimulated,cox,hcv,inos,nitric,inflammatory,oxide,lps
965,used,tagging,charge,present,current,dependent,constrain,time,flavor,neutral
966,cytotoxicity,soluble,human,ov,tumor,mel,isolated,new,blood,sk
967,couples,carbon,cells,cell,electrochemical,blood,χ0,partners,ii,htlv
968,cells,wnt,ovarian,klh,melatonin,catenin,normal,stem,signaling,cisplatin
969,care,sample,parent,women,results,reported,pain,smc,child,children
970,different,large,patient,processes,impact,emergency,paper,information,pile,techniques
971,rapid,retroviral,capacity,tm4sf5,resistance,drug,patients,treatment,anti,pol
972,momenta,photons,differences,converted,measured,factors,efficiency,simulation,efficiencies,data
973,weight,output,cardiac,role,immature,sci,lps,endothelial,carbon,uterine
974,motor,nucleus,arm,networks,rehabilitation,diseases,brain,stroke,stop,prion
975,impact,expression,professional,copyright,information,privacy,policy,organization,group,ieee
976,01,05,04,06,value,yields,ratio,fit,stat,syst
977,explored,pcr,loss,fermion,mt,plt,mitochondrial,mvs,maternal,microchimerism
978,group,specific,signature,using,jes,characterized,zikv,cells,cd8,antibacterial
979,networks,ordering,epitopes,web,dirac,hpv,16,network,protein,e7
980,air,recordings,measurements,patients,cbfv,pressure,cells,cerebral,abp,finapres
981,unit,results,gap,regions,impact,new,described,stability,species,bias
982,void,initiation,steel,grained,tensile,toughness,haz,coarse,fracture,constituents
983,variants,sequencing,recurrent,viruses,viremia,wnv,virus,viral,infection,hcv
984,region,effects,products,method,orientation,tumours,cnts,eigenvalues,systems,motion
985,subject,herpesvirus,described,cause,genetic,excess,markers,heterozygotes,subjects,stocks
986,inspection,risk,process,cardiovascular,inhibition,ascvd,pcsk9,inhibitors,amp,di
987,donors,hemolysis,stored,donor,transfusion,red,storage,rbcs,rbc,blood
988,derivatives,developed,results,model,response,cost,new,crisis,flow,construction
989,fabric,modelling,various,non,utilizes,method,coherent,products,pet,plating
990,samples,aluminum,associated,hiv,pbmc,higher,viremia,plasma,blood,rna
991,data,ability,dataset,diameter,classes,large,feature,margin,value,features
992,hypothesized,untreated,neuromuscular,treadmill,treatment,health,status,self,pd,reported
993,holes,hole,microscopic,black,patients,device,assist,heart,left,ventricular
994,hpv,participated,study,hcv,positive,virus,drug,hiv,41,antibody
995,numbers,classes,tcra,performance,measurements,silicon,alignment,evaluation,detector,tracking
996,positive,csm,patients,sera,antibodies,blot,western,ifa,liter,eia
997,onset,mortality,test,median,elevation,para,recognition,years,age,patients
998,survey,antibodies,pregnancy,blood,hla,notified,percent,results,donors,information
999,basis,unit,antigen,estimate,testing,method,effectiveness,test,hiv,cost
