,affiliation,email_domain,citedby,scholar_id,filled,interests,name,url_picture,citedby5y,hindex,hindex5y,i10index,i10index5y,got_publications,got_coauthors1,"Department of Software Engineering and Theoretical Computer Science, TU Berlin",@ni.tu-berlin.de,54,tAjtMvUAAAAJ,{'indices'},Reinforcement Learning|(deep|meta|risk-sensitive),Rong Guo,https://scholar.google.com/citations?view_op=medium_photo&user=tAjtMvUAAAAJ,44,4,4,2,2,0,0
2,"Lecturer in Communications & Signal Processing, Ninevah University; MSc, PhD, MIEEE …",@ncl.ac.uk,37,RQyU-dgAAAAJ,{'indices'},Wireless Communications|Architectures for Full-Duplex Communication …|Intelligent Signal & Information Processing|Deep,Bilal A. Jebur,https://scholar.google.com/citations?view_op=medium_photo&user=RQyU-dgAAAAJ,37,4,4,1,1,0,0
3,"University of Basrah,College of Engineering,Department of civil Engineering",@uobasrah.edu.iq,11,thEtzvsAAAAJ,{'indices'},Beams|Concrete Behavior Piles foundation|composite columns|Offshore Structures|Deep,fadhil Kamel,https://scholar.google.com/citations?view_op=medium_photo&user=thEtzvsAAAAJ,10,2,2,0,0,0,0
4,PhD Candidate,@students.wits.ac.za,1,PYJl6b0AAAAJ,{'indices'},Forecasting|Algorithms|Deep|Machine and Statistical learning Data Science,Lucky O. Daniel,https://scholar.google.com/citations?view_op=medium_photo&user=PYJl6b0AAAAJ,1,1,1,0,0,0,0
5,Universitat Autònoma de Barcelona,@uab.cat,5718,rN2tDIgAAAAJ,{'indices'},Behavioral Neuroscience|exercise|anxiety|leaning|rats,Rosa M Escorihuela,https://scholar.google.com/citations?view_op=medium_photo&user=rN2tDIgAAAAJ,1392,42,23,67,38,0,0
6,Google Research / Google Brain,@acm.org,20130,VuWl-KUAAAAJ,{'indices'},Recommender|Machine Learning|Crowdsourcing|Human-Computer Interaction|Social Computing,Ed H. Chi,https://scholar.google.com/citations?view_op=medium_photo&user=VuWl-KUAAAAJ,7975,69,44,168,116,0,0
7,"Professor of Human Media Interaction, Twente University",@utwente.nl,4875,f-F4yywAAAAJ,{'indices'},clture|hci|human robot interaction|recommender|environmental agents,Vanessa Evers,https://scholar.google.com/citations?view_op=medium_photo&user=f-F4yywAAAAJ,2794,33,28,89,58,0,0
8,"Faculty of Computer Science and Information Technology, University of Malaya",@um.edu.my,1585,-qXTI0QAAAAJ,{'indices'},Data Mining|Educational Technology|Recommender,Liyana Shuib,https://scholar.google.com/citations?view_op=medium_photo&user=-qXTI0QAAAAJ,1457,23,22,38,36,0,0
9,"Professor of Databases / Data Mining, University of Applied Science Zittau/Goerlitz",@HSZG.de,991,HINV9ZIAAAAJ,{'indices'},Data Mining|Recommender|Presence Analytics|Predictive Maintenance,Klaus ten Hagen,https://scholar.google.com/citations?view_op=medium_photo&user=HINV9ZIAAAAJ,296,15,8,17,7,0,0
10,"Google, Northeastern University, Institute for Creative Technologies (USC)",@google.com,728,CwHkgE4AAAAJ,{'indices'},artificial Intelligence|machine learning|computer graphics|recommender,Yuyu Xu,https://scholar.google.com/citations?view_op=medium_photo&user=CwHkgE4AAAAJ,541,10,8,10,8,0,0
11,​National Pingtung University of Science and Technology,@mail.npust.edu.tw,727,QQOLNPUAAAAJ,{'indices'},knowledge management|electronic commerce|recommender|text mining|machine learning,Deng-Neng Chen,https://scholar.google.com/citations?view_op=medium_photo&user=QQOLNPUAAAAJ,302,12,9,13,9,0,0
12,"Associate Professor, Department of IT, Chaitanya Bharathi Institute of Technology …",@cbit.ac.in,39,SzHy4M8AAAAJ,{'indices'},web mining|information retrieval|recommender|big data analytics,Dr M Venu Gopalachari,https://scholar.google.com/citations?view_op=medium_photo&user=SzHy4M8AAAAJ,24,4,3,1,1,0,0
13,"Sorbonne Universités, UPMC Univ Paris 06, CNRS, LIP6 UMR 7606, 4 place Jussieu 75005 …",@poleia.lip6.fr,27,GRgqq1kAAAAJ,{'indices'},datamining|classification|multi-label|recommender|big data,Laghmari Khalil,https://scholar.google.com/citations?view_op=medium_photo&user=GRgqq1kAAAAJ,27,3,3,1,1,0,0
14,"Institute of Software Technology, Graz University of Technology",@ist.tugraz.at,27,f5mn-CoAAAAJ,{'indices'},AI|Chatbots|Recommender|Testing of AI,Oliver A. Tazl,https://scholar.google.com/citations?view_op=medium_photo&user=f5mn-CoAAAAJ,27,2,2,2,2,0,0
15,"Professor, Dept. of Management Studies, Sri Sairam Engineering College",@sairam.edu.in,10411,-AOlxRAAAAAJ,{'indices'},Human resource management|Marketing|psychology|advertisement|system,Dr. V. Hemanth Kumar,https://scholar.google.com/citations?view_op=medium_photo&user=-AOlxRAAAAAJ,4773,46,29,211,109,0,0
16,JNJT,@jnjt.co.kr,3143,_9U5qXwAAAAJ,{'indices'},video|image|system,Ja-Cheon Yoon,https://scholar.google.com/citations?view_op=medium_photo&user=_9U5qXwAAAAJ,1133,10,8,10,8,0,0
17,Google Inc.,@google.com,2866,FWierZoAAAAJ,{'indices'},System|Networking,Qi Zhao,https://scholar.google.com/citations?view_op=medium_photo&user=FWierZoAAAAJ,1800,27,23,56,50,0,0
18,Microsoft Research,@microsoft.com,2735,TFGBA9cAAAAJ,{'indices'},Mobile Computing|Edge Computing|System|Networking,Yunxin Liu,https://scholar.google.com/citations?view_op=medium_photo&user=TFGBA9cAAAAJ,1890,29,24,57,44,0,0
19,university of indonesia,@ui.ac.id,2629,Ey_9mpIAAAAJ,{'indices'},criminal|justice|system|law|election,topo Santoso,https://scholar.google.com/citations?view_op=medium_photo&user=Ey_9mpIAAAAJ,1813,24,20,46,37,0,0
20,Alibaba Group,@alibaba-inc.com,1647,P5Im3XwAAAAJ,{'indices'},Networking|Mobile|System,Pengyu Zhang,https://scholar.google.com/citations?view_op=medium_photo&user=P5Im3XwAAAAJ,1481,22,20,24,24,0,0
21,"CNRS Engineer, XLIM",@xlim.fr,1534,yZPeEd4AAAAJ,{'indices'},microwave|component|circuit|system,Tibault Reveyrand,https://scholar.google.com/citations?view_op=medium_photo&user=yZPeEd4AAAAJ,706,19,14,46,19,0,0
22,"Researcher, Institut de Robòtica i Informàtica Industrial, CSIC-UPC. Barcelona Spain",@iri.upc.edu,1476,8ZAzblwAAAAJ,{'indices'},Hydrogen|fuel cells|PEM|system,Attila Husar,https://scholar.google.com/citations?view_op=medium_photo&user=8ZAzblwAAAAJ,740,17,15,23,19,0,0
23,Google,@google.com,1398,vPZ5VwEAAAAJ,{'indices'},Mobile|Browser|Web|System|Performance,Zhen Wang,https://scholar.google.com/citations?view_op=medium_photo&user=vPZ5VwEAAAAJ,691,10,8,10,8,0,0
24,"Platov South-Russian State Polytechnic University (NPI), ЮРГПУ(НПИ) имени М.И …",@npi-tu.ru,1280,MauYjBIAAAAJ,{'indices'},information|measures|system|информация|измерения,Nikolay I. Gorbatenko (Николай Иванович Горбатенко),https://scholar.google.com/citations?view_op=medium_photo&user=MauYjBIAAAAJ,523,21,12,42,16,0,0
25,Ant Financial,@antfin.com,1250,f0BtDUQAAAAJ,{'indices'},system|security,Shoumeng Yan,https://scholar.google.com/citations?view_op=medium_photo&user=f0BtDUQAAAAJ,1034,13,11,16,12,0,0
26,"Ph.d. student, University of Washington",@cs.washington.edu,1065,jWdEzfgAAAAJ,{'indices'},Databases|System|Artificial Intelligence,Emad Soroush,https://scholar.google.com/citations?view_op=medium_photo&user=jWdEzfgAAAAJ,532,12,9,13,7,0,0
27,Georgia Institute of Technology,@gatech.edu,1043,lNh8CtYAAAAJ,{'indices'},Security|System,Ming-Wei Shih,https://scholar.google.com/citations?view_op=medium_photo&user=lNh8CtYAAAAJ,1035,8,8,8,8,0,0
28,"Engineer, Google, (past: Samsung Research America, Duke University)",@google.com,1030,weIz8lUAAAAJ,{'indices'},System|Data Mining|Mobile Computing,Xuan Bao,https://scholar.google.com/citations?view_op=medium_photo&user=weIz8lUAAAAJ,564,15,14,21,17,0,0
29,Phd from University of Illinois at Urbana-Champaign,@uiuc.edu,1030,k9PGue8AAAAJ,{'indices'},System|Networking and Software Engineering,Zuoning Yin,https://scholar.google.com/citations?view_op=medium_photo&user=k9PGue8AAAAJ,426,11,7,11,7,0,0
30,Politechnika Wrocławska,@pwr.edu.pl,883,XydgaasAAAAJ,{'indices'},logistyka|niezawodność|transport|system,Tomasz Nowakowski,https://scholar.google.com/citations?view_op=medium_photo&user=XydgaasAAAAJ,399,15,9,27,9,0,0
31,FUJITSU LABORATORIES LTD.,@jp.fujitsu.com,829,4bU18cYAAAAJ,{'indices'},Application Performance Management|Cloud Computing|System|Data Engineering|Stream Processing,Yasuhiko Kanemasa,https://scholar.google.com/citations?view_op=medium_photo&user=4bU18cYAAAAJ,345,18,12,26,13,0,0
32,Instituto Tecnológico de Aeronáutica,@ita.br,794,eltcZKQAAAAJ,{'indices'},control|mechatronics|system|identification,Luiz Carlos Sandoval Goes,https://scholar.google.com/citations?view_op=medium_photo&user=eltcZKQAAAAJ,469,13,9,18,9,0,0
33,Qualcomm Inc,@qualcomm.com,703,grr_bHUAAAAJ,{'indices'},Low power circuits|system|sizing,Animesh Datta,https://scholar.google.com/citations?view_op=medium_photo&user=grr_bHUAAAAJ,227,12,8,14,6,0,0
34,University of South Florida,,629,qzqIwqkAAAAJ,{'indices'},system,xiang zuo,https://scholar.google.com/citations?view_op=medium_photo&user=qzqIwqkAAAAJ,368,12,11,15,12,0,0
35,"Theravance Biopharma, Genentech Roche, Merrimack Pharmaceuticals, Princeton …",@theravance.com,586,fraVJnYAAAAJ,{'indices'},Clinical Pharmacology|Modeling and Simulation|Quantitative Systems Pharmacology|Pharmacokinetics and Pharmacodynamics|System,Jitendra Kanodia,https://scholar.google.com/citations?view_op=medium_photo&user=fraVJnYAAAAJ,280,12,10,12,10,0,0
36,Mahidol University,@mahidol.ac.th,567,i2tBJrgAAAAJ,{'indices'},pharmaceuticals|health|policy|system,Sauwakon Ratanawijitrasin,https://scholar.google.com/citations?view_op=medium_photo&user=i2tBJrgAAAAJ,238,9,8,9,7,0,0
37,Twitter,@twitter.com,503,_qsabnQAAAAJ,{'indices'},System,Hao Luo,https://scholar.google.com/citations?view_op=medium_photo&user=_qsabnQAAAAJ,327,5,5,5,4,0,0
38,Columbia University,@cs.columbia.edu,495,vge9SMcAAAAJ,{'indices'},System,Gang Hu,https://scholar.google.com/citations?view_op=medium_photo&user=vge9SMcAAAAJ,292,10,8,10,8,0,0
39,Microsoft Research,@microsoft.com,485,gkhG-YsAAAAJ,{'indices'},System|Security,Xinyang Ge,https://scholar.google.com/citations?view_op=medium_photo&user=gkhG-YsAAAAJ,463,11,11,11,11,0,0
40,Senior Research Scientist / Technologist at Cyan Inc.,@cyaninc.com,432,LMqnDSsAAAAJ,{'indices'},SDN|NFV|Network architecture|system|and protocol design,Xin Huang,https://scholar.google.com/citations?view_op=medium_photo&user=LMqnDSsAAAAJ,209,11,6,11,5,0,0
41,NSWC,@navy.mil,406,tOMBBlAAAAAJ,{'indices'},mission analysis|sonar|system|kalman,John C. Hyland,https://scholar.google.com/citations?view_op=medium_photo&user=tOMBBlAAAAAJ,69,9,4,8,1,0,0
42,Professor of Business Administration,,382,z4uDFqgAAAAJ,{'indices'},General management|Finance|system,Ramesh M,https://scholar.google.com/citations?view_op=medium_photo&user=z4uDFqgAAAAJ,249,8,7,6,5,0,0
43,"Research & Development Engineer, Database BU, Alibaba Inc.",@alibaba-inc.com,347,mx6-2ZAAAAAJ,{'indices'},Computer architecture|system|database|HPC.,Xiaolong Xie,https://scholar.google.com/citations?view_op=medium_photo&user=mx6-2ZAAAAAJ,315,7,7,7,6,0,0
44,Tsinghua University,@mails.tsinghua.edu.cn,335,zPZDLkgAAAAJ,{'indices'},Computer Science|System|HPC,Kaiwei  Li,https://scholar.google.com/citations?view_op=medium_photo&user=zPZDLkgAAAAJ,305,5,5,5,5,0,0
45,"Institute of Computing Technology, Chinese Academy of Sciences",@ict.ac.cn,329,JR8Rsn8AAAAJ,{'indices'},Computer Architecture|Cloud Computing|System|Failure Diagnosis|Datacenter Qos,ren rui,https://scholar.google.com/citations?view_op=medium_photo&user=JR8Rsn8AAAAJ,297,8,8,8,7,0,0
46,anna univercity,,329,-YrcYYEAAAAJ,{'indices'},system,vimalraj ravi,https://scholar.google.com/citations?view_op=medium_photo&user=-YrcYYEAAAAJ,277,9,9,9,9,0,0
47,Samsung Research America,@samsung.com,312,VIctctwAAAAJ,{'indices'},System|OS|Linux  Kernel|Android,Jia Ma,https://scholar.google.com/citations?view_op=medium_photo&user=VIctctwAAAAJ,286,3,3,2,2,0,0
48,"University of California, Berkeley",@berkeley.edu,304,Gjj5a2wAAAAJ,{'indices'},Networking|Sensing|System.,Ambuj Varshney,https://scholar.google.com/citations?view_op=medium_photo&user=Gjj5a2wAAAAJ,289,9,9,9,8,0,0
49,Southern University of Science and Technology,@sustech.edu.cn,288,W7WcEW0AAAAJ,{'indices'},communication|learning|system,Shuai Wang,https://scholar.google.com/citations?view_op=medium_photo&user=W7WcEW0AAAAJ,276,9,9,9,8,0,0
50,Macau University of Science and Technology,@ieee.org,257,K0vRLREAAAAJ,{'indices'},Networks|Graphs|Artificial Intelliegence|System,Dagang Li,https://scholar.google.com/citations?view_op=medium_photo&user=K0vRLREAAAAJ,138,8,6,6,4,0,0
51,Fudan University,@fudan.edu.cn,255,GvuK7z4AAAAJ,{'indices'},System|GPU|Database|NFV,Kai Zhang,https://scholar.google.com/citations?view_op=medium_photo&user=GvuK7z4AAAAJ,232,7,7,7,7,0,0
52,Carnegie Mellon University,@andrew.cmu.edu,238,P8HaQPoAAAAJ,{'indices'},System,Juncheng Yang,https://scholar.google.com/citations?view_op=medium_photo&user=P8HaQPoAAAAJ,179,9,8,9,5,0,0
53,"Research Associate, Institute of Neuroscience, Consiglio Nazionale delle Ricerche",@in.cnr.it,203,6IxgRxgAAAAJ,{'indices'},System|Computational and Cellular Neuroscience,Antonio Giuliano Zippo,https://scholar.google.com/citations?view_op=medium_photo&user=6IxgRxgAAAAJ,169,8,8,8,6,0,0
54,Microsoft Research,@microsoft.com,196,NQiXPb0AAAAJ,{'indices'},Database|System,Bailu Ding,https://scholar.google.com/citations?view_op=medium_photo&user=NQiXPb0AAAAJ,167,7,6,6,5,0,0
55,"Ph.D. student, Harvard University",@g.harvard.edu,193,iM4dZl8AAAAJ,{'indices'},Networking|System,Junzhi Gong,https://scholar.google.com/citations?view_op=medium_photo&user=iM4dZl8AAAAJ,193,5,5,4,4,0,0
56,Microsoft,@microsoft.com,171,4BtNQAEAAAAJ,{'indices'},AutoML|NAS|AI|System,Yuqing Yang,https://scholar.google.com/citations?view_op=medium_photo&user=4BtNQAEAAAAJ,56,8,5,6,2,0,0
57,Tsinghua University,@mails.tsinghua.edu.cn,169,KXumTFMAAAAJ,{'indices'},Computer network|System|Cloud computing,Zili Meng (孟子立),https://scholar.google.com/citations?view_op=medium_photo&user=KXumTFMAAAAJ,169,6,6,2,2,0,0
58,"Student of akuntansi, mercu buana university, indonesia",,163,Bxfy060AAAAJ,{'indices'},knowledge|system|accounting|bussines,Sugeng,https://scholar.google.com/citations?view_op=medium_photo&user=Bxfy060AAAAJ,61,3,3,2,2,0,0
59,"Student, National University of Singapore",@nus.edu.sg,149,1YqRceAAAAAJ,{'indices'},mobile network|Multimedia|system|Sensor Systems|Games,Cong Pang,https://scholar.google.com/citations?view_op=medium_photo&user=1YqRceAAAAAJ,62,3,2,1,1,0,0
60,duke university,@cs.duke.edu,134,ey27bzwAAAAJ,{'indices'},system,Xuanran Zong,https://scholar.google.com/citations?view_op=medium_photo&user=ey27bzwAAAAJ,69,4,3,3,1,0,0
61,College of William and Mary,@email.wm.edu,130,_imsxlcAAAAJ,{'indices'},System|Performance profiling|Compilers|Parallel Programming,Shasha Wen,https://scholar.google.com/citations?view_op=medium_photo&user=_imsxlcAAAAJ,123,8,8,7,7,0,0
62,"Student, University of Chicago",@uchicago.edu,110,CDmgFxgAAAAJ,{'indices'},System,Muhammad Husni Santriaji,https://scholar.google.com/citations?view_op=medium_photo&user=CDmgFxgAAAAJ,110,6,6,5,5,0,0
63,Escuela Politécnica Nacional,,99,9RkQKTQAAAAJ,{'indices'},System,Daniel Alfaro,https://scholar.google.com/citations?view_op=medium_photo&user=9RkQKTQAAAAJ,53,4,4,4,2,0,0
64,Politeknik Elektronika Negeri Surabaya,@pens.ac.id,98,nORb_oQAAAAJ,{'indices'},Electric Drive|System|Power|Power Electronics|Energy,Arman Jaya,https://scholar.google.com/citations?view_op=medium_photo&user=nORb_oQAAAAJ,88,5,5,4,3,0,0
65,Alibaba Cloud Database,@alibaba-inc.com,95,pKLKtLUAAAAJ,{'indices'},database|system,Wei Cao,https://scholar.google.com/citations?view_op=medium_photo&user=pKLKtLUAAAAJ,93,5,5,3,3,0,0
66,NAVER,@navercorp.com,95,yMhLNQ0AAAAJ,{'indices'},Machine Learning|System,Nako Sung,https://scholar.google.com/citations?view_op=medium_photo&user=yMhLNQ0AAAAJ,95,4,4,2,2,0,0
67,AMD，University of Central Florida,@knights.ucf.edu,90,MHGbqrkAAAAJ,{'indices'},memory system|non-volatile memory|computer architecture|system,Mao Ye,https://scholar.google.com/citations?view_op=medium_photo&user=MHGbqrkAAAAJ,77,5,5,4,3,0,0
68,University of Illinois Urbana Champaign,@illinois.edu,71,-jID2YYAAAAJ,{'indices'},Security|Privacy|System|Architecture,Qingrong Chen,https://scholar.google.com/citations?view_op=medium_photo&user=-jID2YYAAAAJ,71,4,4,3,3,0,0
69,Princeton University,@cs.princeton.edu,67,DXWBHfUAAAAJ,{'indices'},System|ML for Systems,Zhenyu Song,https://scholar.google.com/citations?view_op=medium_photo&user=DXWBHfUAAAAJ,67,4,4,3,3,0,0
70,University of Pennsylvania,@cis.upenn.edu,61,xyIyQmYAAAAJ,{'indices'},System|Security,Hanjun Xiao,https://scholar.google.com/citations?view_op=medium_photo&user=xyIyQmYAAAAJ,49,3,3,2,1,0,0
71,"Student , Maharashtra Institute of technology",@calsoftinc.com,59,DUw34TgAAAAJ,{'indices'},System|Cloud|Website,Tanmay Agrawal,https://scholar.google.com/citations?view_op=medium_photo&user=DUw34TgAAAAJ,41,2,2,1,1,0,0
72,University of Colorado Boulder,@colorado.edu,57,fvB6dS4AAAAJ,{'indices'},Machine Learning|Deep Learning|System|Network|Wireless,Yu-Ju Lee,https://scholar.google.com/citations?view_op=medium_photo&user=fvB6dS4AAAAJ,55,3,3,1,1,0,0
73,Princeton University,@princeton.edu,56,ITiysawAAAAJ,{'indices'},System|Machine Learning|Data Structures,Dongsheng Yang,https://scholar.google.com/citations?view_op=medium_photo&user=ITiysawAAAAJ,56,4,4,2,2,0,0
74,Vel Tech Rangarajan Dr.Sagunthala R&D Institute of Science and Technology,@veltech.edu.in,54,-H2Hsq4AAAAJ,{'indices'},Marketing|Finance|Research|Banking|System,Dr. R.Seranmadevi,https://scholar.google.com/citations?view_op=medium_photo&user=-H2Hsq4AAAAJ,38,5,5,2,0,0,0
75,"Georgetown University, Department of CS",@georgetown.edu,51,7epX28wAAAAJ,{'indices'},Network|System|Infrastructure,Zhao Zhang,https://scholar.google.com/citations?view_op=medium_photo&user=7epX28wAAAAJ,46,1,1,1,1,0,0
76,"Assistant Professor in Business Administration, Annamalai University",,50,QsuJ9fUAAAAJ,{'indices'},Research methodology|Marketing|system,Dr. Annamalai Solayappan,https://scholar.google.com/citations?view_op=medium_photo&user=QsuJ9fUAAAAJ,43,3,2,2,2,0,0
77,Tsinghua University,@mails.tsinghua.edu.cn,50,kEHvN3cAAAAJ,{'indices'},Networking|System,Yuming Hu,https://scholar.google.com/citations?view_op=medium_photo&user=kEHvN3cAAAAJ,50,2,2,2,2,0,0
78,"Information management specialist, ministry of agriculture",@pertanian.go.id,48,-GbCvPYAAAAJ,{'indices'},information managament|ICT development|system|database,Bambang S. Sankarto,https://scholar.google.com/citations?view_op=medium_photo&user=-GbCvPYAAAAJ,31,3,2,2,2,0,0
79,Stanford University,@alumni.stanford.edu,48,wc3bPHoAAAAJ,{'indices'},ultrasound|circuit|system,Man-Chia Chen,https://scholar.google.com/citations?view_op=medium_photo&user=wc3bPHoAAAAJ,41,3,3,2,1,0,0
80,"Associate  Professor of Computer Engineering, Yarmouk University",@yu.edu.jo,42,rvIr_7YAAAAJ,{'indices'},Real-time embedded hardware …|Parallel processing using FPGAs|Multicore|and GPU|System,Amin A. Jarrah,https://scholar.google.com/citations?view_op=medium_photo&user=rvIr_7YAAAAJ,36,4,3,0,0,0,0
81,中科院计算所,@ict.ac.cn,39,Lz_JRioAAAAJ,{'indices'},Computer Architecture|System,Cheng Huang,https://scholar.google.com/citations?view_op=medium_photo&user=Lz_JRioAAAAJ,39,2,2,2,2,0,0
82,"Department of Mathematics, Institut Teknologi Sepuluh Nopember",@matematika.its.ac.id,31,wcdNIa4AAAAJ,{'indices'},modelling|system|control system|optimization,TAHIYATUL ASFIHANI,https://scholar.google.com/citations?view_op=medium_photo&user=wcdNIa4AAAAJ,29,3,3,0,0,0,0
83,Lecturer of Electrical Engineering,@uitm.edu.my,31,cmyF7AEAAAAJ,{'indices'},System|Amateur Radio|Satellite,Fadhli Dzul Hilmi Mohd Fauzi,https://scholar.google.com/citations?view_op=medium_photo&user=cmyF7AEAAAAJ,30,3,3,1,1,0,0
84,Universitas Padjadjaran,@unpad.ac.id,30,6_e7UOEAAAAJ,{'indices'},System|Agribusiness|Livestock|Sustainability|Agent-based Modelling,Andre Rivianda Daud,https://scholar.google.com/citations?view_op=medium_photo&user=6_e7UOEAAAAJ,26,3,2,1,1,0,0
85,Korea University,@korea.ac.kr,30,-ERi6-cAAAAJ,{'indices'},Machine Learning|System,Seil Lee,https://scholar.google.com/citations?view_op=medium_photo&user=-ERi6-cAAAAJ,30,3,3,2,2,0,0
86,"Algorithm Engineer, Alibaba Group",@alibaba-inc.com,30,L5wd34gAAAAJ,{'indices'},Network|System|AI|AIOps,Rui li,https://scholar.google.com/citations?view_op=medium_photo&user=L5wd34gAAAAJ,30,2,2,1,1,0,0
87,National Standardization Agency of Indonesia,@bsn.go.id,26,hVbH1BgAAAAJ,{'indices'},Standardization|System|Energy,Hermawan Febriansyah,https://scholar.google.com/citations?view_op=medium_photo&user=hVbH1BgAAAAJ,24,2,2,1,1,0,0
88,UC Berkeley,@berkeley.edu,26,vbycUZ4AAAAJ,{'indices'},Security|System|NLP,Xiaoyuan Liu,https://scholar.google.com/citations?view_op=medium_photo&user=vbycUZ4AAAAJ,26,2,2,1,1,0,0
89,Stony Brook University,@stonybrook.edu,26,2slhYkMAAAAJ,{'indices'},Security|Privacy|Cloud|System,Chen Chen,https://scholar.google.com/citations?view_op=medium_photo&user=2slhYkMAAAAJ,25,3,3,1,1,0,0
90,"Assistant Professor of Electronics and communication Engg, UIT, Burdwan University",@uit.buruniv.ac.in,22,_sDCsJ0AAAAJ,{'indices'},Device|Circuit|System|RF,Koushick Mathur,https://scholar.google.com/citations?view_op=medium_photo&user=_sDCsJ0AAAAJ,22,3,3,0,0,0,0
91,"Assistant Professor, North-Eastern Hill University",@nehu.ac.in,22,pV6xNyEAAAAJ,{'indices'},system|control|signal processing|fractional order system,jaydeep swarnakar,https://scholar.google.com/citations?view_op=medium_photo&user=pV6xNyEAAAAJ,22,4,4,0,0,0,0
92,"PhD, System Engineering, University of Arkansas at Little Rock",@ualr.edu,20,u9W10I8AAAAJ,{'indices'},Electrical|Electronic|System|Antenna|MIMO,Abbas Al-Wahhamy,https://scholar.google.com/citations?view_op=medium_photo&user=u9W10I8AAAAJ,20,3,3,0,0,0,0
93,"Ph.D. student, University of Minnesota",@umn.edu,18,CLHWfM4AAAAJ,{'indices'},System|security|program analysis,Qiushi Wu,https://scholar.google.com/citations?view_op=medium_photo&user=CLHWfM4AAAAJ,18,2,2,1,1,0,0
94,"PhD graduate, industrial management, Science and Research Branch, Islamic Azad …",,16,yJoGy74AAAAJ,{'indices'},agent based modeling|data mining|simulation|Optimization|System,Ehsan Abolfathi,https://scholar.google.com/citations?view_op=medium_photo&user=yJoGy74AAAAJ,15,2,2,0,0,0,0
95,INM-4,@fz-juelich.de,15,pebYrlsAAAAJ,{'indices'},MRI|RF|System|wireless,Yun Kyoung Ko,https://scholar.google.com/citations?view_op=medium_photo&user=pebYrlsAAAAJ,2,1,1,1,0,0,0
96,Student at Symbiosis Institute of Telecom Management,@sitm.ac.in,13,ACNfrfQAAAAJ,{'indices'},Telecom|Cyber security|System|IT|Regulation,PUSHPENDRA THENUAN,https://scholar.google.com/citations?view_op=medium_photo&user=ACNfrfQAAAAJ,13,2,2,1,1,0,0
97,Fırat Üniversitesi,@firat.edu.tr,11,fORVyDgAAAAJ,{'indices'},Network|WiFi|System|Cyber Security|Virtualization,İLHAN FIRAT KILINÇER,https://scholar.google.com/citations?view_op=medium_photo&user=fORVyDgAAAAJ,11,1,1,0,0,0,0
98,"Ph.D. Student, Information Sciences Institute, University of Southern California",@isi.edu,10,HJAkbyAAAAAJ,{'indices'},Networking|System|Security|Privacy,Xiyue Deng,https://scholar.google.com/citations?view_op=medium_photo&user=HJAkbyAAAAAJ,10,2,2,0,0,0,0
99,"Graduate Student Researcher, UCSD",@ucsd.edu,10,4Jclhf4AAAAJ,{'indices'},system|architecture|machine learning,Haolan Liu,https://scholar.google.com/citations?view_op=medium_photo&user=4Jclhf4AAAAJ,9,1,1,1,0,0,0
100,Nankai University,@nbjl.nankai.edu.cn,10,2fHimJkAAAAJ,{'indices'},rl|dl|system,Ruobing Chen,https://scholar.google.com/citations?view_op=medium_photo&user=2fHimJkAAAAJ,10,1,1,1,1,0,0
101,Rajamangala University of Technology Thanyaburi,@rmutt.ac.th,8,88OAYdcAAAAJ,{'indices'},programming|system|information system,Wasun Khan-Am,https://scholar.google.com/citations?view_op=medium_photo&user=88OAYdcAAAAJ,8,2,2,0,0,0,0
102,Alibaba Group,@alibaba-inc.com,7,T5KZshEAAAAJ,{'indices'},system,Yanbo Zhou,https://scholar.google.com/citations?view_op=medium_photo&user=T5KZshEAAAAJ,7,1,1,0,0,0,0
103,Georgia Institute of Technology,@gatech.edu,7,GqfL7-UAAAAJ,{'indices'},Applied Cryptography|Cryptography|Information Security|System,Yibin Yang,https://scholar.google.com/citations?view_op=medium_photo&user=GqfL7-UAAAAJ,7,1,1,0,0,0,0
104,MIT Academy of Engineering,@mitaoe.ac.in,6,-tVZr_gAAAAJ,{'indices'},Networking|System,Santosh Warpe,https://scholar.google.com/citations?view_op=medium_photo&user=-tVZr_gAAAAJ,6,1,1,0,0,0,0
105,Samora Research of Social,@student.umn.ac.id,5,zkl3m6QAAAAJ,{'indices'},System,Samuel Liputra,https://scholar.google.com/citations?view_op=medium_photo&user=zkl3m6QAAAAJ,5,1,1,0,0,0,0
106,"Department of Electrical Engineering, Universitas Muhammadiyah Yogyakarta",@umy.ac.id,5,_Ef4ZSUAAAAJ,{'indices'},Security|System|Networking,Yudhi Ardiyanto,https://scholar.google.com/citations?view_op=medium_photo&user=_Ef4ZSUAAAAJ,5,1,1,0,0,0,0
107,"Phd in automatic, system and signal",@usthb.dz,4,bOVYAOUAAAAJ,{'indices'},automatic|system|signal|mecatronic,Saber TIHAL,https://scholar.google.com/citations?view_op=medium_photo&user=bOVYAOUAAAAJ,4,1,1,0,0,0,0
108,"Akuntansi, STIE Pelita Indonesia",,4,YounnooAAAAJ,{'indices'},corporate governance|finance|accounting|internal audit|system,Irawati,https://scholar.google.com/citations?view_op=medium_photo&user=YounnooAAAAJ,4,1,1,0,0,0,0
109,KLE Technological University,@kletech.ac.in,4,NzsRt_QAAAAJ,{'indices'},System,Nagaratna Kulenvar,https://scholar.google.com/citations?view_op=medium_photo&user=NzsRt_QAAAAJ,4,1,1,0,0,0,0
110,Escuela Colombiana de Ingeniería,@mail.escuelaing.edu.co,3,wAWB01QAAAAJ,{'indices'},Quality|system|management|control,Rafael Mora-Contreras,https://scholar.google.com/citations?view_op=medium_photo&user=wAWB01QAAAAJ,3,1,1,0,0,0,0
111,Mercu Buana University,@mercubuana.ac.id,2,Gj5gJ_8AAAAJ,{'indices'},Computing|System|Wireless Network|Signaling|Telecommunication,Dhanny Permatasari,https://scholar.google.com/citations?view_op=medium_photo&user=Gj5gJ_8AAAAJ,2,1,1,0,0,0,0
112,Professor of Engineering,@cip.org.pe,2,IfkGLWkAAAAJ,{'indices'},System|Engineering|information System,CARLOS ALBERTO CHIRINOS MUNDACA,https://scholar.google.com/citations?view_op=medium_photo&user=IfkGLWkAAAAJ,2,1,1,0,0,0,0
113,Nanjing University,@smail.nju.edu.cn,2,wWtCeKMAAAAJ,{'indices'},Computer Networks|System,Kexin Liu,https://scholar.google.com/citations?view_op=medium_photo&user=wWtCeKMAAAAJ,2,1,1,0,0,0,0
114,DGIST,@dgist.ac.kr,1,GcgnSJ0AAAAJ,{'indices'},robotics|robot|system|communication,송봉섭,https://scholar.google.com/citations?view_op=medium_photo&user=GcgnSJ0AAAAJ,1,1,1,0,0,0,0
115,"Assistant Professor, Department of MBA",,,qZhkPZwAAAAJ,{'indices'},Entrepreneurship|System,Nalini P,https://scholar.google.com/citations?view_op=medium_photo&user=qZhkPZwAAAAJ,,0,0,0,0,0,0
116,"Member of Islamic Azad University ,Bandargaz branch",,,nEp7wfkAAAAJ,{'indices'},power electronic|system,afshin kadri,https://scholar.google.com/citations?view_op=medium_photo&user=nEp7wfkAAAAJ,,0,0,0,0,0,0
117,"Accounting Courses, Mercubuana University, Jakarta, Indonesia",@student.mercubuana.ac.id,,jsE7tGwAAAAJ,{'indices'},System|Accounting,eva martina,https://scholar.google.com/citations?view_op=medium_photo&user=jsE7tGwAAAAJ,,0,0,0,0,0,0
118,"Student of Accounting, Mercubuana University, Jakarta",@student.mercubuana.ac.id,,Xer2flgAAAAJ,{'indices'},System|Security|AccorHotel,Nita Rahmawati,https://scholar.google.com/citations?view_op=medium_photo&user=Xer2flgAAAAJ,,0,0,0,0,0,0
119,"student of accounting , mercubuana university, jakarta",@student.mercubuana.ac.id,,um1Z-hEAAAAJ,{'indices'},economy|system|business|accounting,saraswati dewi,https://scholar.google.com/citations?view_op=medium_photo&user=um1Z-hEAAAAJ,,0,0,0,0,0,0
120,"Student of Accounting, Mercubuana Unveirsity",,,c9Guk6EAAAAJ,{'indices'},knowledge|system|accounting|buisness,riana ulfany,https://scholar.google.com/citations?view_op=medium_photo&user=c9Guk6EAAAAJ,,0,0,0,0,0,0
121,"Student Of Accounting,Mercubuana University,Jakarta",@student.mercubuana.ac.id,,dGx7lWMAAAAJ,{'indices'},System|business|Acounting,Martin aevi Dian Risti,https://scholar.google.com/citations?view_op=medium_photo&user=dGx7lWMAAAAJ,,0,0,0,0,0,0
122,"student of Accounting, Mercubuana University, Jakarta Barat",,,N3vQEf0AAAAJ,{'indices'},knowledge|system|accounting|bussniness,siti Atikah,https://scholar.google.com/citations?view_op=medium_photo&user=N3vQEf0AAAAJ,,0,0,0,0,0,0
123,"Assistant Professor, School of Business Management, Rathnavel Subramaniam College of …",@rvsgroup.com,,lR5zBGIAAAAJ,{'indices'},Human Resource|system|Marketing,R.Ganaga Durga Devi,https://scholar.google.com/citations?view_op=medium_photo&user=lR5zBGIAAAAJ,,0,0,0,0,0,0
124,"Kristu Jayanti College, Bengaluru",@kristujayanti.com,,Tp3Xc2kAAAAJ,{'indices'},HR|Entrepreneurship Development|System|Retail Management.,Somasundaram T,https://scholar.google.com/citations?view_op=medium_photo&user=Tp3Xc2kAAAAJ,,0,0,0,0,0,0
125,"School of Mechanical Engineering, Purdue University",@purdue.edu,,BY_DKf4AAAAJ,{'indices'},System|Measurement|Control,Weijin Qiu,https://scholar.google.com/citations?view_op=medium_photo&user=BY_DKf4AAAAJ,,0,0,0,0,0,0
126,Alagappa University,@alagappauniversity.ac.in,,iGVnyR0AAAAJ,{'indices'},Logistics|Supply Chain Management|System|Digital Marketing,Dr. P Rajan Chinna,https://scholar.google.com/citations?view_op=medium_photo&user=iGVnyR0AAAAJ,,0,0,0,0,0,0
127,Johns Hopkins University,@jhu.edu,,9GCyTRoAAAAJ,{'indices'},System,Yigong Hu,https://scholar.google.com/citations?view_op=medium_photo&user=9GCyTRoAAAAJ,,0,0,0,0,0,0
128,Fudan University,@fudan.edu.cn,,0DZV818AAAAJ,{'indices'},AI|CV|CG|System,Kangzheng Gu,https://scholar.google.com/citations?view_op=medium_photo&user=0DZV818AAAAJ,,0,0,0,0,0,0
129,"Docente de Redes, Instituto Superior Tecnológico Guayaquil- Ecuador",@itsgg.edu.ec,,RDOfR3cAAAAJ,{'indices'},Network|Telecommunication|System|IoT|Internet,Yurema N. Tobar Espinoza (ORCID:0000-0002-1275-9829),https://scholar.google.com/citations?view_op=medium_photo&user=RDOfR3cAAAAJ,,0,0,0,0,0,0
130,"David H. Koch Institute Professor, MIT",@mit.edu,328308,5HX--AYAAAAJ,{'indices'},drug delivery|tissue engineering|biomaterials|nanotechnology|chemistry,Robert Langer,https://scholar.google.com/citations?view_op=medium_photo&user=5HX--AYAAAAJ,112426,282,155,1788,1285,0,0
131,"Professor of Chemistry, Physics & Astronomy, Materials Science & NanoEngineering, Rice …",@rice.edu,264442,6ZiRSwQAAAAJ,{'indices'},Quantum Chemistry|Electronic Structure|Condensed Matter Physics|Materials Science|Nanotechnology,Gustavo E. Scuseria,https://scholar.google.com/citations?view_op=medium_photo&user=6ZiRSwQAAAAJ,98601,130,73,526,340,0,0
132,"Professor of chemistry, stanford university",@stanford.edu,211755,yWdvb8YAAAAJ,{'indices'},chemistry|materials science|physics|nanotechnology,Hongjie Dai,https://scholar.google.com/citations?view_op=medium_photo&user=yWdvb8YAAAAJ,73541,196,133,467,383,0,0
