,affiliation,email_domain,citedby,scholar_id,filled,interests,name,url_picture,citedby5y,hindex,hindex5y,i10index,i10index5y,got_publications,got_coauthors
210375,Smithsonian Astrophysical Observatory,,28334,E4cgK1cAAAAJ,{'indices'},,Alexey Vikhlinin,,9570,82,48,218,150,0,0
210376,"Associate Professor of Physics, McGill University",,9579,Ov73SNQAAAAJ,{'indices'},,Daryl Haggard,,7204,35,28,62,52,0,0
210377,"School of Physics and Astronomy, Monash University",,17057,npUHvbwAAAAJ,{'indices'},,Michael J. I. Brown,,8457,70,51,179,141,0,0
210378,University of Illinois at Urbana-Champaign,,16812,k7ePzaoAAAAJ,{'indices'},,Yue Shen,,10818,60,51,116,106,0,0
210379,"Astrophysicist, JPL/Caltech",,64955,QVbokjsAAAAJ,{'indices'},,Daniel Stern,,31293,116,77,564,471,0,0
210380,Airbus Defence and Space,,9423,XZwSIl0AAAAJ,{'indices'},,Markos Trichas,,3891,42,27,59,46,0,0
210381,Georgia State University,,13169,U_RjS0EAAAAJ,{'indices'},,D.M. Crenshaw,,3719,65,33,176,103,0,0
210382,"Associate Professor, Department of Physics and Astronomy, UMKC",,20817,FnAGOfcAAAAJ,{'indices'},,Mark Brodwin,,9913,75,53,186,158,0,0
210383,South African Astronomical Observatory/Southern African Large Telescope,,4542,J7gEs_wAAAAJ,{'indices'},,Encarni Romero Colmenero,,3126,31,18,51,31,0,0
210384,"Department of Physics, Durham University",,8764,CR_u3r8AAAAJ,{'indices'},,John Lucey,,2800,48,26,86,52,0,0
210385,"Professor of Astronomy, Leiden University",,28161,VZHGYrYAAAAJ,{'indices'},,Henk Hoekstra,,15797,91,65,228,194,0,0
210386,University of British Columbia,,20074,pFSxhPMAAAAJ,{'indices'},,Ludovic Van Waerbeke,,8809,73,49,162,126,0,0
210387,"Department of Physics, Durham University",,3918,3C7MvkwAAAAJ,{'indices'},,Russell J. Smith,,1428,36,23,58,38,0,0
210388,University of Geneva,,11478,WDeMWTwAAAAJ,{'indices'},,Jean Coupon,,8934,53,52,102,97,0,0
210389,"Professor of Astrophysics, University College London",,12505,YoFoNiAAAAAJ,{'indices'},,Thomas David Kitching,,8494,55,43,119,109,0,0
210390,Ruhr-Universität Bochum,,13006,kUDCLXAAAAAJ,{'indices'},,Hendrik Hildebrandt,,9532,59,51,134,129,0,0
210391,"Research/academic staff, Argelander Institute for Astronomy, Bonn University",,11469,1JpU9yQAAAAJ,{'indices'},,Tim Schrabback,,6850,48,40,93,87,0,0
210392,Fidelity International,,6363,_hYIdFUAAAAJ,{'indices'},,Barnaby Rowe,,4465,36,31,45,44,0,0
210393,LOGE Lund Combustion Engineering,,4745,7daxEs0AAAAJ,{'indices'},,Malin Velander,,3015,23,21,23,23,0,0
210394,"CEA Saclay, Department of Astrophysics (DAp)",,10691,sGji1TsAAAAJ,{'indices'},,Martin Kilbinger,,5529,44,31,70,57,0,0
210395,"Senior Scientist, Lawrence Berkeley National Lab",,136458,-BynFYEAAAAJ,{'indices'},,David Schlegel,,50564,143,96,294,253,0,0
210396,"Professor and Chair, Department of Physics and Astronomy, University of Kansas",,7628,ujPqZCAAAAAJ,{'indices'},,Hume A. Feldman,,2154,29,17,48,24,0,0
210397,"Professor of Physics, Willamette University",,3791,5VIbXD4AAAAJ,{'indices'},,Richard Watkins,,1246,29,17,37,20,0,0
210398,PROWLER.io,,3362,c5nCaXEAAAAJ,{'indices'},,Fergus Simpson,,2296,18,15,26,21,0,0
210399,"IAP, CNRS",,2416,tTzNu-cAAAAJ,{'indices'},,Guilhem Lavaux,,1625,26,23,45,42,0,0
210400,Texas A&M University,,63104,aEz_9EIAAAAJ,{'indices'},,Nicholas Suntzeff,,17525,107,53,279,180,0,0
210401,McMaster University,,1852,b6gBEFYAAAAJ,{'indices'},,Laura Parker,,706,21,16,27,26,0,0
210402,Imperial College London,,32798,DVFHrO4AAAAJ,{'indices'},,Alan Heavens,,20110,67,44,175,114,0,0
210403,Gemini Observatory,,28806,7w57_eQAAAAJ,{'indices'},,John P. Blakeslee,,8505,81,46,202,143,0,0
210404,"INAF (The Italian National Institute for Astrophysics) - Catania Astrophysical Observatory, Italy",,20282,b5_8-JoAAAAJ,{'indices'},,Antonino Francesco Lanza,,15029,55,38,286,195,0,0
210405,INAF- Catania Astrophysical Observatory,,18292,Z574fI8AAAAJ,{'indices'},,Sergio Messina,,15195,55,41,140,107,0,0
210406,George Mason University,,2605,QKu1gwQAAAAJ,{'indices'},,David H. Brooks,,1204,31,22,58,38,0,0
210407,Max-Planck-Institut für Sonnensystemforschung,,853,9zUXs7kAAAAJ,{'indices'},,Federico Spada,,716,15,15,22,21,0,0
210408,"Professor of Astrophysics, Keele University",,9011,J9fM_lgAAAAJ,{'indices'},,Rob Jeffries,,4064,51,32,162,99,0,0
210409,NASA Goddard Space Flight Center,,12393,r_t7M2MAAAAJ,{'indices'},,Spiro K. Antiochos,,3719,59,33,146,83,0,0
210410,"Artificial Intelligence Dpt., Universidad Nacional de Educación a Distancia, UNED",,11558,WUZgDXQAAAAJ,{'indices'},,Luis M. Sarro,,10760,36,28,52,43,0,0
210411,"Ricercatore Astronomo, INAF - Osservatorio Astrofisico Catania",,207,SyCL01gAAAAJ,{'indices'},,Innocenza Busa,,93,7,5,6,3,0,0
210412,NASA Goddard Space Flight Center,,3335,_xXJrhUAAAAJ,{'indices'},,Judy Karpen,,1197,34,19,52,26,0,0
210413,"Astrophysicist, NASA Goddard Spaceflight Center",,10065,21_vSlUAAAAJ,{'indices'},,James Klimchuk,,3002,53,27,112,65,0,0
210414,Carnegie Institution for Science,,65309,IhvMcPkAAAAJ,{'indices'},,Mark M. Phillips,,19679,101,55,295,202,0,0
210415,"Doctora en Ciencias Astronómicas Facultad de Ciencias Astronómicas y Geofísicas, UNLP.",,16841,uuMwDkUAAAAJ,{'indices'},,Nidia Morrell,,9774,65,48,231,181,0,0
210416,Aarhus University,,13029,6BrXNWcAAAAJ,{'indices'},,Maximilian Stritzinger,,7743,65,49,160,155,0,0
210417,"contractor, Dominion Astrophysical Observatory, Herzberg Astronomy and Astrophysics Research Centre",,9159,MIl4UrEAAAAJ,{'indices'},,D. D. Balam,,2459,28,21,45,27,0,0
210418,"Lawrence Berkeley National Laboratory; University of Oklahoma; University of California, Berkeley",,67515,xJf5H2AAAAAJ,{'indices'},,Peter Nugent,,30594,104,82,341,283,0,0
210419,University of Southampton,,40331,MhSkJ_IAAAAJ,{'indices'},,Mark Sullivan,,21529,94,69,346,267,0,0
210420,"Clowes Professor of Science, Harvard University",,79246,LF0aMw4AAAAJ,{'indices'},,Robert Kirshner,,23421,122,65,372,246,0,0
210421,"Investigador, Instituto de Astrofísica de La Plata, Facultad de Ciencias Astronómicas y Geofísicas",,13115,7D3rTSsAAAAJ,{'indices'},,Gastón Folatelli,,5385,54,39,96,85,0,0
210422,Texas A&M University,,63104,aEz_9EIAAAAJ,{'indices'},,Nicholas Suntzeff,,17525,107,53,279,180,0,0
210423,UC Davis,,20260,2XlBcJ4AAAAJ,{'indices'},,Stefano Valenti,,15346,75,59,209,203,0,0
210424,Google,,30724,3FDMm1wAAAAJ,{'indices'},,Alexander Conley,,14662,77,51,140,118,0,0
210425,"Professor of Astronomy, University of Toronto",,23911,eJ6sIFAAAAAJ,{'indices'},,Raymond G. Carlberg,,8073,75,40,135,101,0,0
210426,Universidad Diego Portales,,19662,jyT8VE4AAAAJ,{'indices'},,Jose L. Prieto,,11603,69,50,207,178,0,0
210427,"Profesor de Astronomía, Universidad de Chile",,25571,9EwBymgAAAAJ,{'indices'},,Mario Hamuy,,8075,84,49,193,153,0,0
210428,Tel Aviv University,,14452,i3VKpzMAAAAJ,{'indices'},,Iair Arcavi,,11650,62,53,157,150,0,0
210429,Universidad de Granada (grid 4489.1 / ROR 04njjy449),,14706,pZK92ssAAAAJ,{'indices'},,Lluís Galbany (ORCID:0000-0002-129...,,13712,54,52,155,153,0,0
210430,FSU,,4205,DqPUqJIAAAAJ,{'indices'},,Chris Ashall,,4157,23,23,40,40,0,0
210431,"Associate Astronomer, INAF Osservatorio Astronomico di Padova",,25603,O7cuZJ4AAAAJ,{'indices'},,Stefano Benetti,,12058,89,53,280,213,0,0
210432,University of Oklahoma,,18170,okN0gJwAAAAJ,{'indices'},,E Baron,,4748,68,32,206,98,0,0
210433,LBNL,,21058,gmU5ASEAAAAJ,{'indices'},,Julien Guy,,10445,64,45,115,99,0,0
210434,Purdue University,,11822,WKxIpFAAAAAJ,{'indices'},,Matthew L. Lister,,5082,58,41,113,90,0,0
210435,Aalto University,,8137,loJd7z8AAAAJ,{'indices'},,Tuomas Savolainen,,5554,41,33,72,64,0,0
210436,Crimean Astrophysical Observatory,,4865,J0Jg0zsAAAAJ,{'indices'},,Alexander Pushkarev (Александр Бор...,,2626,36,31,52,45,0,0
210437,Denison University,,6163,mdKlt6EAAAAJ,{'indices'},,Daniel C Homan,,2430,35,26,44,37,0,0
210438,Würzburg University,,19611,DD3qD-4AAAAJ,{'indices'},,Matthias Kadler,,10067,64,48,157,137,0,0
210439,Max-Planck-Institut für Radioastronomie & Universitat de València,,10736,Xgo5HyEAAAAJ,{'indices'},,Eduardo Ros,,5759,52,33,106,72,0,0
210440,"Professor of Astronomy, Boston University",,24500,AYwKi_oAAAAJ,{'indices'},,Alan Marscher,,9616,82,47,251,159,0,0
210441,lebedev physical institute,,839,wLSGHgQAAAAJ,{'indices'},,Mikhail Lisakov,,766,14,14,14,14,0,0
210442,Instituto de Astrofísica de Andalucía - CSIC,,54663,6unnAEwAAAAJ,{'indices'},,"Gómez, J. L.",,34099,96,82,380,330,0,0
210443,"Astro Space Center, Lebedev Physical Institute",,204,ygv4w8MAAAAJ,{'indices'},,Alexander Plavin,,197,7,7,7,7,0,0
210444,Universitat de València,,2262,N7Ov2gwAAAAJ,{'indices'},,Manel Perucho Pla,,1253,30,23,55,46,0,0
210445,"Astrophysicist, Harvard-Smithsonian Center for Astrophysics",,4637,OqAtpLkAAAAJ,{'indices'},,Michael D. Johnson,,4399,33,32,61,57,0,0
210446,Microsoft,,625,rqQxmUIAAAAJ,{'indices'},,Eric Clausen-Brown,,436,9,9,9,9,0,0
210447,"Institute of Astrophysics - FORTH & Dep. of Physics, Univ. of Crete, Greece",,4021,tBZnuuIAAAAJ,{'indices'},,Carolina Casadio,,3608,25,24,40,36,0,0
210448,INAF-IRA Bologna,,29473,OITldAkAAAAJ,{'indices'},,Filippo D'Ammando,,18583,80,63,239,197,0,0
210449,"Researcher in Radio Astronomy Division, Korea Astronomy and Space science Institute",,1080,xWhyv34AAAAJ,{'indices'},,Sang-Sung Lee,,810,19,17,35,31,0,0
210450,Max Planck Institute for Radio Astronomy,,5583,Vi6xmDQAAAAJ,{'indices'},,Ramesh Karuppusamy,,4961,34,32,63,62,0,0
210451,"Distinguished Professor, Dept. of Physics and Astronomy, UNM",,34225,FlClxPIAAAAJ,{'indices'},,Greg B. Taylor,,11463,85,44,289,183,0,0
210452,"Assistant Professor, Astronomía, Universidad de Chile",,7068,zugBuscAAAAJ,{'indices'},,Walter Max-Moerbeck,,4323,43,38,73,70,0,0
210453,"Postdoctoral researcher, Korea Astronomy and Space Science Insitute",,544,VcDq26cAAAAJ,{'indices'},,Jeffrey A. Hodgson,,499,12,11,19,17,0,0
210454,"Ramón y Cajal Fellow, Instituto de Astrofísica de Andalucía (IAA-CSIC), DARK/NBI",,17238,pGIplWUAAAAJ,{'indices'},,Antonio de Ugarte Postigo,,10171,61,43,215,138,0,0
210455,"Professor, Niels Bohr Institute, Copenhagen University",,37956,ChR4-3wAAAAJ,{'indices'},,Johan Fynbo,,18196,95,60,452,300,0,0
210456,"Professor of Astrophysics, University of Iceland",,19238,tqD_xmAAAAAJ,{'indices'},,Pall Jakobsson,,8372,68,42,205,119,0,0
210457,DARK/NBI,,5117,6B7JElEAAAAJ,{'indices'},,Luca Izzo,,4342,33,23,66,52,0,0
210458,INAF/IAPS,,4192,f9gNA7EAAAAJ,{'indices'},,Rubén Sánchez-Ramírez,,3276,33,31,67,61,0,0
210459,"Professor, Radboud University Nijmegen; Honorary Professor, University of",,27464,-tcLIGMAAAAJ,{'indices'},,Andrew Levan,,14493,82,58,273,185,0,0
210460,Istituto Nazionale di AstroFisica / Osservatorio Astronomico di Brera,,37014,q84g2ZsAAAAJ,{'indices'},,Stefano Covino,,18557,96,64,449,299,0,0
210461,"Assoc. Prof., University of Copenhagen",,19817,Dg0r50EAAAAJ,{'indices'},,Darach Watson,,9708,72,47,160,121,0,0
210462,"Juan de la Cierva Fellow, IAA-CSIC",,7208,JoIHjmAAAAAJ,{'indices'},,Zach Cano,,6418,35,33,65,62,0,0
210463,Osservatorio astronomico di Brera,,33157,UcrbVW0AAAAJ,{'indices'},,Sergio Campana,,9479,79,44,325,151,0,0
210464,"Professor of Astronomy, UC Berkeley",,46236,fHkUYk0AAAAJ,{'indices'},,Joshua S. Bloom,,16057,112,63,370,248,0,0
210465,"Astronomical Observatory Institute, Faculty of Physics, Adam Mickiewicz University",,12837,kiOM2f8AAAAJ,{'indices'},,Michał Michałowski,,9412,60,48,181,170,0,0
210466,Astrophysicist,,9627,LWuB_Z0AAAAJ,{'indices'},,Paolo Goldoni,,3811,52,32,142,72,0,0
210467,Profesor de Astrofísica (UV),,11912,sVYHaCwAAAAJ,{'indices'},,Miguel Ángel Aloy,,9247,50,37,99,90,0,0
210468,"Capodimonte Astronomical Observatory - INAF, Naples",,26056,33sOAcYAAAAJ,{'indices'},,Massimo Della Valle,,9888,73,46,242,152,0,0
210469,Korea Astronomy & Space Science Institute,,4793,oIkTcpQAAAAJ,{'indices'},,Tobias Cornelius Hinse,,2730,37,28,98,82,0,0
210470,INAF - Istituto Nazionale di Astrofisica,,2532,BVYLUSIAAAAJ,{'indices'},,"Ricci, Davide",,1348,27,20,53,44,0,0
210471,"Postdoc, The Cosmic Dawn Center, Niels Bohr Institute, University of Copenhagen",,3990,K0vcTwkAAAAJ,{'indices'},,Jonatan Selsing,,3956,21,21,34,34,0,0
210472,"Doctora en Ciencias Astronómicas Facultad de Ciencias Astronómicas y Geofísicas, UNLP.",,16841,uuMwDkUAAAAJ,{'indices'},,Nidia Morrell,,9774,65,48,231,181,0,0
210473,"Universidad de La Serena, Astronomy Department",,4787,tuNjt5gAAAAJ,{'indices'},,Ricardo Amorin,,4283,42,39,93,89,0,0
210474,"Senior Astrophysicist, Smithsonian Astrophysical Observatory",,33952,04gWsKMAAAAJ,{'indices'},,Philip Myers,,7832,102,47,269,159,0,0
210475,Max-Planck-Institut für extraterrestrische Physik,,6448,gxrN7gsAAAAJ,{'indices'},,Jaime E Pineda,,4160,39,36,92,89,0,0
210476,University of Alberta,,11965,lDAZOZUAAAAJ,{'indices'},,Erik Rosolowsky,,7112,57,45,141,133,0,0
210477,Max-Planck-Institut für Radioastronomie,,5417,J4DQ_a0AAAAJ,{'indices'},,Jens Kauffmann,,3249,37,32,66,55,0,0
210478,Northeastern University,,2383,m9F7mIgAAAAJ,{'indices'},,Michelle Anne Borkin,,1364,18,17,20,18,0,0
210479,"Professor of Stellar Astrophysics, University of Vienna",,26460,x1D2CWQAAAAJ,{'indices'},,João Alves,,17557,74,55,183,145,0,0
210480,"Assistant Professor of Physics, Wentworth Institute of Technology",,1520,GYtOBwwAAAAJ,{'indices'},,Naomi Ridge,,436,14,10,16,10,0,0
210481,"ICREA Professor, Institute of Cosmos Sciences, University of Barcelona, Spain",,8707,FGqQpBYAAAAJ,{'indices'},,Paolo Padoan,,2906,49,27,92,62,0,0
210482,"Professor of Astrophysics, Jodrell Bank Centre for Astrophysics, University of Manchester",,13049,ggNKxYwAAAAJ,{'indices'},,Gary Fuller,,5452,59,38,178,119,0,0
210483,"Associate professor of Astrophysics, Milan University",,7705,yQQ5hi4AAAAJ,{'indices'},,Marco Lombardi,,3563,48,34,104,78,0,0
210484,"Postdoctoral Research Fellow, The University of Texas at Austin",,442,PKnlG7MAAAAJ,{'indices'},,Hope How-Huan Chen,,390,11,10,12,11,0,0
210485,Harvard University,,2674,DOpk5nIAAAAJ,{'indices'},,Patricia Udomprasert,,165,11,8,12,8,0,0
210486,University of Florida,,11094,xzUAtvYAAAAJ,{'indices'},,Adam Ginsburg,,9696,40,34,95,92,0,0
210487,"Sofia Kovalevskaya Research Group Leader, Max Planck Institute for Astronomy",,2232,G92ERgQAAAAJ,{'indices'},,Gregory Maurice Green,,2124,20,20,24,24,0,0
210488,"Professor of Astronomy and of Physics, Harvard University",,66652,boVy0Y0AAAAJ,{'indices'},,Douglas Finkbeiner,,20716,84,60,147,123,0,0
210489,Harvard University,,2834,4i2BnhgAAAAJ,{'indices'},,Alberto Pepe,,1399,19,13,24,17,0,0
210490,"Postdoc, Max-Planck-Institut für extraterrestrische Physik",,1205,JxA9FNgAAAAJ,{'indices'},,Felipe de Oliveira Alves,,978,19,17,30,25,0,0
210491,University of Toronto,,4806,X-TI5joAAAAJ,{'indices'},,Christopher Matzner,,2086,30,25,45,36,0,0
210492,"PhD Student, University of Victoria",,265,rOSiplMAAAAJ,{'indices'},,Jared Keown,,264,8,8,8,8,0,0
210493,Ural Federal University,,521,Hb4cmtsAAAAJ,{'indices'},,Anna Punanova,,490,13,12,16,15,0,0
210494,"DTM, Carnegie Institution of Washington",,13812,gHHy1aEAAAAJ,{'indices'},,Conel M. O'D. Alexander,,5821,64,40,168,120,0,0
210495,McMaster University,,2517,XvAn1SoAAAAJ,{'indices'},,Nabil Bassim,,1251,23,16,66,30,0,0
210496,U.S. Naval Research Laboratory,,6787,rnErFQoAAAAJ,{'indices'},,Karen E. Swider-Lyons,,2609,41,25,105,63,0,0
210497,"Tulane University, Department of Physics and Engineering Physics",,26247,BB4LmmkAAAAJ,{'indices'},,Doug Chrisey,,6792,77,40,297,139,0,0
210498,Washington University in St. Louis,,6567,JHchcF4AAAAJ,{'indices'},,Christine Floss,,2320,42,24,110,66,0,0
210499,Naval Research Laboratory,,925,aflvN7AAAAAJ,{'indices'},,Paul A DeSario,,792,13,12,17,15,0,0
210500,Virginia Commonwealth University,,8388,6yOyECEAAAAJ,{'indices'},,Everett E. Carpenter,,2427,45,23,98,52,0,0
210501,Profesor of hysics,,12348,jDKM_4AAAAAJ,{'indices'},,K. F. Kelton,,3528,57,28,199,92,0,0
210502,NASA Ames Research Center,,20261,T2WSLY8AAAAJ,{'indices'},,Scott Sandford,,5374,75,39,190,123,0,0
210503,Associate Professor of Materials Science and Engineering - Case Western Reserve University,,8654,iBP8K4wAAAAJ,{'indices'},,Matthew A Willard,,3492,29,20,54,33,0,0
210504,Carnegie Institution of Washington,,16617,fWQcsY8AAAAJ,{'indices'},,Andrew Steele,,8897,63,46,152,113,0,0
210505,UC Riverside,,23082,NeA6QlEAAAAJ,{'indices'},,Marilyn Fogel,,7967,77,47,202,162,0,0
210506,Naval Research Lab,,7263,5FpUUY0AAAAJ,{'indices'},,Connie H Li,,3946,35,24,150,87,0,0
210507,Naval Research Laboratory,,10899,p3b43FsAAAAJ,{'indices'},,Steven C. Erwin,,2757,47,22,113,51,0,0
210508,"The University of Oklahoma, Physics and Astronomy Department",,4223,IlCvSLIAAAAJ,{'indices'},,Joseph G. Tischler,,2391,31,21,67,44,0,0
210509,"Professor, University of Alberta",,3456,XUtD30MAAAAJ,{'indices'},,Christopher D.K. Herd,,1864,28,23,59,42,0,0
210510,Arizona State University,,582,Q5J1v38AAAAJ,{'indices'},,Jemma Davidson,,470,14,13,16,14,0,0
210511,"Assistant Professor, University of Cyprus",,3973,asOn9WUAAAAJ,{'indices'},,Grigorios Itskos,,1320,25,18,35,26,0,0
210512,ASML,,286,Z7pK6uMAAAAJ,{'indices'},,Amy Ng,,272,7,7,7,6,0,0
210513,National Institute of Standards and Technology,,1132,NH5QNdgAAAAJ,{'indices'},,Keana Scott,,700,12,9,12,9,0,0
210514,"Profesor de Investigación, Instituto de Astrofísica de Canarias / VD, Universidad de La Laguna",,4489,cQ1U26UAAAAJ,{'indices'},,Juan Antonio Belmonte Avilés,,1189,31,17,98,38,0,0
210515,"Director - Institute for the Metaphysics of Physics, Principia College and Principal Investigator, SETI Institute",,11100,DmPSzsUAAAAJ,{'indices'},,Laurance Doyle,,5181,38,23,54,33,0,0
210516,"Professor of Astronomy, SUPA, School of Physics and Astronomy, University of St Andrews",,31494,ppCcLJwAAAAJ,{'indices'},,Andrew Collier Cameron,,13557,90,57,411,284,0,0
210517,University of St Andrews,,35995,CVQw4JwAAAAJ,{'indices'},,Keith Horne,,11539,98,54,381,223,0,0
210518,University of Turin,,7792,l3xQL_cAAAAJ,{'indices'},,Davide Gandolfi,,4245,46,36,138,126,0,0
210519,"Instituto de Astrofísica, Pontificia Universidad Católica de Chile",,7215,zpyJ7wEAAAAJ,{'indices'},,Markus Rabus,,5359,40,32,99,91,0,0
210520,"Professor of Astronomy, Harvard University",,43043,5OPdokIAAAAJ,{'indices'},,David Charbonneau,,19855,100,70,241,200,0,0
210521,Instituto de Astrofísica de Canarias,,2225,F9omLJsAAAAJ,{'indices'},,Hannu Parviainen,,1628,26,20,54,44,0,0
210522,Hospital IQ,,3939,iWEMh04AAAAJ,{'indices'},,Francis Thomas O'Donovan,,797,25,15,30,20,0,0
210523,Kyushu University,,4775,vBJg3-wAAAAJ,{'indices'},,"Machida, Masahiro N",,2742,42,32,76,69,0,0
210524,Hosei University,,4351,EZR10XEAAAAJ,{'indices'},,Tomoaki Matsumoto,,1853,39,27,71,52,0,0
210525,Nagoya University,,2627,euDJIYgAAAAJ,{'indices'},,Tsuyoshi Inoue,,1898,29,25,49,45,0,0
210526,University of Tokyo,,2700,BV5FvSoAAAAJ,{'indices'},,Takeru Suzuki,,1240,29,19,50,34,0,0
210527,,,66517,pHBG0tIAAAAJ,{'indices'},,Yasuo Fukui,,13164,132,57,612,287,0,0
210528,"National Astronomical Observatory of Japan, Assistant Professor",,824,u-D7p8UAAAAJ,{'indices'},,Kazunari Iwasaki,,733,17,15,20,18,0,0
210529,"Associate Professor of Earth and Planetary Sciences, Tokyo Institute of Technology",,3170,Jock-iwAAAAJ,{'indices'},,Satoshi Okuzumi,,2475,29,27,55,50,0,0
210530,Nagoya University,,3660,vtLCoKMAAAAJ,{'indices'},,Kengo Tachihara,,2178,35,25,77,62,0,0
210531,Osaka University,,3403,EWPKSUsAAAAJ,{'indices'},,Takayoshi Sano,,1300,27,22,51,39,0,0
210532,Kyoto University,,4082,wZm1jcUAAAAJ,{'indices'},,Takashi Hosokawa,,2724,32,28,55,48,0,0
210533,Nagoya University,,2118,xmiEc4gAAAAJ,{'indices'},,Hiroshi Kobayashi,,1505,25,22,42,37,0,0
210534,Nagoya University,,2470,ESv7g1AAAAAJ,{'indices'},,Hidetoshi SANO,,1934,29,25,54,47,0,0
210535,"Hydrospheric Atmospheric Research Center, Nagoya University",,2376,LkcG-QkAAAAJ,{'indices'},,Hirohiko Masunaga,,768,24,17,33,25,0,0
210536,"CEA, Saclay",,14390,wUJXhAIAAAAJ,{'indices'},,Patrick Hennebelle,,7444,67,49,160,141,0,0
210537,"Professor of Physics and Astronomy, Director Origins Inst., McMaster University",,12961,14hIVDwAAAAJ,{'indices'},,Ralph E. Pudritz,,4317,61,37,148,97,0,0
210538,Max-Planck-Institut für extraterrestrische Physik,,6448,gxrN7gsAAAAJ,{'indices'},,Jaime E Pineda,,4160,39,36,92,89,0,0
210539,"College of Science, Ibaraki University",,4089,LQyDMQUAAAAJ,{'indices'},,MUNETAKE MOMOSE,,2271,35,25,64,48,0,0
210540,National Astronomical Observatory of Japan,,6266,_2papvEAAAAJ,{'indices'},,Misato Fukagawa,,3035,45,31,93,68,0,0
210541,Kyoto University,,521,Qk894t0AAAAJ,{'indices'},,Takayuki Muranushi,,415,11,9,12,9,0,0
210542,Bunkyo University,,3098,hSbml_0AAAAJ,{'indices'},,Masahiro Nagashima,,841,32,17,57,27,0,0
210543,"Institution for Computational Cosmology, Department of Physics, Durham University, UK",,61258,ZxMtKxcAAAAJ,{'indices'},,Shaun Cole,,15511,98,61,218,159,0,0
210544,Max Planck Institute for Astrophysics,,201534,Gv-FkZ4AAAAJ,{'indices'},,Simon D M White,,78473,183,107,513,391,0,0
210545,"Professor of Physics and Astronomy, University of Victoria",,71901,YN3jNegAAAAJ,{'indices'},,Julio F. Navarro,,27276,104,68,260,242,0,0
210546,"Ogden Professor of Fundamental Physics, Durham University",,132887,1sSj1fYAAAAJ,{'indices'},,Carlos Frenk,,44172,155,99,487,382,0,0
210547,Max-Planck-Institute for Astrophysics,,95082,hLXjO8QAAAAJ,{'indices'},,Volker Springel,,42917,143,99,417,365,0,0
210548,"Met Office, UK",,2456,K6bUlKAAAAAJ,{'indices'},,Philip Bett,,1330,18,18,25,25,0,0
210549,"National Astronomical Observatories, Chinese academy of sciences",,16891,tZJUWBsAAAAJ,{'indices'},,Liang Gao,,6289,40,31,49,44,0,0
210550,LIneA,,42023,bT53Zg0AAAAJ,{'indices'},,Luiz Alberto Nicolaci da Costa,,25877,97,71,393,283,0,0
210551,Researcher Observatorio Nacional,,28088,wwzVz9YAAAAJ,{'indices'},,Marcio A.G. Maia,,22795,68,64,234,202,0,0
210552,Brazilian Center for Physics Research,,9766,-aL023YAAAAJ,{'indices'},,Martin Makler,,6594,35,31,64,52,0,0
210553,Professor e Pesquisador da Universidade Federal do Rio Grande do Sul,,17838,u11WhKkAAAAJ,{'indices'},,Basílio Xavier Santiago,,12504,59,48,156,107,0,0
210554,Universidade Federal do Rio Grande do Sul,,1146,SQvxuL4AAAAJ,{'indices'},,Cristina Furlanetto,,1071,19,19,33,29,0,0
210555,"Professor of Physics,Engineering & Astronomy, Austin Peay State University",,60516,l1IW7BUAAAAJ,{'indices'},,J. Allyn Smith,,19359,87,56,381,226,0,0
210556,"Professor of Physics and of Astronomy, Harvard University",,76823,vsf3WR8AAAAJ,{'indices'},,Christopher Stubbs,,26139,103,62,268,184,0,0
210557,"Professor of Astrophysical Sciences, Princeton University",,147449,qxjNkSMAAAAJ,{'indices'},,Michael A. Strauss,,53590,162,97,549,406,0,0
210558,"Professor of Physics, University of California, Davis",,14755,Kq0WwDYAAAAJ,{'indices'},,J. Anthony Tyson,,3917,59,26,167,74,0,0
210559,University of Washington,,105770,daGXM5wAAAAJ,{'indices'},,Zeljko Ivezic,,31159,137,82,273,221,0,0
210560,"Professor of Physics, Astronomy, & Education, University of Michigan",,59513,fRjSWV8AAAAJ,{'indices'},,Timothy McKay,,14422,80,42,159,96,0,0
210561,Universidade de São Paulo,,1608,1QhdYMQAAAAJ,{'indices'},,Eduardo S. Cypriano,,605,20,13,35,18,0,0
210562,Centro Brasileiro de Pesquisas Fìsicas,,139,XaCitHIAAAAJ,{'indices'},,Clécio R. Bom,,125,7,6,6,5,0,0
210563,"Professor of Radio Astronomy, Curtin University",,17350,PDH_4vMAAAAJ,{'indices'},,Steven Tingay,,11135,61,48,227,173,0,0
210564,"Research Fellow, Curtin University",,2641,nr7QSa0AAAAJ,{'indices'},,John Morgan,,2259,25,24,48,45,0,0
210565,"Associate Professor, Curtin University",,5885,9Q4e4MEAAAAJ,{'indices'},,Cathryn M Trott,,5397,35,33,70,65,0,0
210566,"ARC Future Fellow, Curtin Institute of Radio Astronomy",,4889,kyfOBYkAAAAJ,{'indices'},,Natasha Hurley-Walker,,3836,37,33,87,72,0,0
210567,Lecturer at UTS,,7900,3uppNGcAAAAJ,{'indices'},,Martin E Bell,,6517,47,42,104,101,0,0
210568,CSIRO Astronomy and Space Science,,8865,VsY3Q_wAAAAJ,{'indices'},,Emil Lenc,,7625,43,41,98,93,0,0
210569,"Centre for Astrophysics & Supercomputing, Swinburne University of Technology",,12619,Z_ADvUwAAAAJ,{'indices'},,Adam Deller,,10087,51,44,132,121,0,0
210570,"Research Scientist, MIT Haystack Observatory",,10647,7JbUbagAAAAJ,{'indices'},,Roger Cappallo,,7407,49,40,107,86,0,0
210571,"Jet Propulsion Laboratory, California Institute of Technology",,3571,4587ffMAAAAJ,{'indices'},,David R. Thompson,,2294,31,24,90,62,0,0
210572,Jet Propulsion Laboratory,,7891,dQmkJlcAAAAJ,{'indices'},,Kiri Wagstaff,,3123,30,22,63,40,0,0
210573,Chalmers University of Technology,,1090,tSrzfGcAAAAJ,{'indices'},,Shantanu K Padhi,,475,17,7,23,7,0,0
210574,Curtin University,,1829,RPYtdI4AAAAJ,{'indices'},,Steven Tremblay,,1363,16,14,22,20,0,0
210575,CSIRO,,5637,5DqPLnwAAAAJ,{'indices'},,Chris Phillips,,2762,38,27,74,54,0,0
210576,University of Melbourne,,10683,Cjrg9yQAAAAJ,{'indices'},,Robert Sault,,4217,43,27,98,47,0,0
210577,"Researcher in Astronomy, UC Berkeley",,2604,fj5gtwEAAAAJ,{'indices'},,Steve Croft,,1436,27,19,47,34,0,0
210578,"Instructor in Radiation Oncology, Harvard Medical School",,6269,Qc9VspwAAAAJ,{'indices'},,Christopher L. Williams,,4855,41,37,84,76,0,0
210579,Facebook,,702,TmAQaboAAAAJ,{'indices'},,Kevin Dale,,353,9,8,9,8,0,0
210580,"Associate Professor & Director, Monash Immersive Visualisation Platform",,7094,Z5u9NdYAAAAJ,{'indices'},,David G. Barnes,,2914,42,26,80,53,0,0
210581,"professor, remote sensing, curtin university",,6274,mp6AJacAAAAJ,{'indices'},,Mervyn Lynch,,4391,39,31,74,59,0,0
210582,"Assistant Project Scientist, Department of Astronomy, UC Berkeley",,2771,9KcpjTQAAAAJ,{'indices'},,Joshua S. Dillon,,2601,28,28,44,44,0,0
210583,"astronome, IMCCE, Observatoire de Paris",,13058,9qVAY6IAAAAJ,{'indices'},,Berthier Jerome,,11055,38,27,88,58,0,0
210584,Institut de mécanique céleste et de calcul des éphémérides,,6420,LZEqEYMAAAAJ,{'indices'},,Vachier Frederic,,5119,30,22,62,45,0,0
210585,University of Edinburgh,,10359,KfzcNTUAAAAJ,{'indices'},,Colin Snodgrass,,5969,52,41,169,145,0,0
210586,Observatoire de Paris,,13470,viJr22YAAAAJ,{'indices'},,Pierre Kervella,,6148,66,41,199,153,0,0
210587,Universidad de Concepcion,,3011,z9mlkyIAAAAJ,{'indices'},,Gallenne Alexandre,,2366,29,25,50,46,0,0
210588,European Southern Observatory,,6013,0WjDhMoAAAAJ,{'indices'},,Antoine Mérand,,3001,42,28,100,81,0,0
210589,"Professor of Physics and Astronomy, Johns Hopkins University",,84886,geafuP0AAAAJ,{'indices'},,Adam Riess,,31386,98,63,233,183,0,0
210590,"Professor of Astronomy, University of California, Berkeley",,163650,dTpeWooAAAAJ,{'indices'},,Alexei V. FILIPPENKO,,53346,169,90,810,600,0,0
210591,Institut de Planétologie et d'Astrophysique de Grenoble,,7439,W9BZ7jEAAAAJ,{'indices'},,Jean-Baptiste Le Bouquin,,5071,43,31,124,94,0,0
210592,"Max-Planck-Institut für Astronomie, Heidelberg, Germany",,10352,ou4ZTMIAAAAJ,{'indices'},,Maria Süveges,,10020,23,23,31,28,0,0
210593,"Professor of Astronomy, University of Michigan",,12252,aGoD-l8AAAAJ,{'indices'},,John D Monnier,,4340,60,32,229,141,0,0
210594,"Professor of Stellar Astrophysics, University of Rome Tor Vergata",,15830,A48dc0gAAAAJ,{'indices'},,Giuseppe Bono,,9078,65,37,226,167,0,0
210595,Max Planck Institute for Solar System Research,,34330,m4gKO-4AAAAJ,{'indices'},,Sami K. Solanki,,12134,94,50,531,326,0,0
210596,"Director General of the Research Centre for Astronomy and Earth Sciences, Hungarian Academy of",,9253,Ck4Nr_4AAAAJ,{'indices'},,Laszlo Kiss,,3717,49,29,180,110,0,0
210597,European Southern Observatory,,19874,Gtcs7WIAAAAJ,{'indices'},,Ferdinando Patat,,8260,69,39,163,123,0,0
210598,"IRAP, CNRS/UPS (Toulouse, France)",,3946,opZW36MAAAAJ,{'indices'},,Nick Cox,,2054,36,25,72,59,0,0
210599,Odessa National University,,4752,BQ7UTtwAAAAJ,{'indices'},,Kovtyukh V.V.,,1505,34,23,80,48,0,0
210600,CHARA Array GSU,,13049,IffyL44AAAAJ,{'indices'},,Theo ten Brummelaar,,5666,58,37,191,126,0,0
210601,"Instituut voor Sterrenkunde, KU Leuven",,2790,jl5qkDoAAAAJ,{'indices'},,Peter I. Papics,,2181,25,24,45,38,0,0
210602,"Data Management Scientist, Large Synoptic Survey Telescope (LSST)",,27208,GkgHxX8AAAAJ,{'indices'},,Leanne Guy,,18041,33,26,46,35,0,0
210603,"Professor of Astronomy, Saint-Petersburg University, Rusia",,878,vIGaVmsAAAAJ,{'indices'},,Alexander Kholtygin,,438,16,10,24,12,0,0
210604,ESO APEX project scientist,,14650,P8SZawEAAAAJ,{'indices'},,Carlos De Breuck,,7448,68,48,190,151,0,0
210605,Instrumentation Astronomer at the European Southern Observatory,,7469,lmBU0owAAAAJ,{'indices'},,Joël Vernet,,3441,44,30,99,73,0,0
210606,"Astrophysicist, JPL/Caltech",,64955,QVbokjsAAAAJ,{'indices'},,Daniel Stern,,31293,116,77,564,471,0,0
210607,Research Professor,,13433,4iJ_JWwAAAAJ,{'indices'},,Ray Norris,,5308,61,33,242,142,0,0
210608,"Australian Astronomical Optics, Macquarie University",,23661,Tzr6Z1AAAAAJ,{'indices'},,Andrew M. Hopkins,,12056,79,59,219,182,0,0
210609,ESO Director for Science,,71708,ASAI6foAAAAJ,{'indices'},,Rob Ivison,,27838,143,85,607,457,0,0
210610,,,4010,7q9OA2MAAAAJ,{'indices'},,Isabella Prandoni,,2528,32,27,81,56,0,0
210611,"Ramón y Cajal fellow at the Instituto de Astrofísicas de Canarias,",,17589,fq6YAKgAAAAJ,{'indices'},,Helmut Dannerbauer,,9932,72,55,159,146,0,0
210612,"Professor of Astrophysics, University of Sydney",,24258,MBH2EAsAAAAJ,{'indices'},,Elaine M. Sadler,,10659,67,43,187,124,0,0
210613,"Senior Software Engineer, Large Synoptic Survey Telescope",,1666,F97WHTwAAAAJ,{'indices'},,Srinivasan Chandrasekharan,,1313,9,8,9,8,0,0
210614,"Royal Society Research Professor and Kelvin Chair of Natural Philosophy, University of Glasgow",,48150,1OXAatkAAAAJ,{'indices'},,Miles Padgett,,25923,109,80,375,291,0,0
210615,Shandong University,,1960,KuDbnDoAAAAJ,{'indices'},,Baoqing Sun,,1764,12,12,14,14,0,0
210616,University of Glasgow,,1277,KoSBq08AAAAJ,{'indices'},,Stephen S Welsh,,1088,8,8,7,7,0,0
210617,"Proleptic Lecturer & Royal Society URF, University of Bath",,5373,8BZi4jgAAAAJ,{'indices'},,Richard Bowman,,3699,35,25,54,47,0,0
210618,University of Glasgow,,1376,QVwhr5UAAAAJ,{'indices'},,Neal Radwell,,1208,16,14,21,16,0,0
210619,"Professor, Head of Optical Engineering, Beihang University（北航）",,1017,XVvI7mAAAAAJ,{'indices'},,Ming-Jie Sun（孙鸣捷）,,978,14,14,17,17,0,0
210620,"Associate Professor, University of Exeter",,1781,MOJZLlAAAAAJ,{'indices'},,David B Phillips,,1368,24,20,33,32,0,0
210621,"Professor of Statistics, The University of Glasgow",,12999,nGaFNGwAAAAJ,{'indices'},,Adrian Bowman,,4774,42,26,102,62,0,0
210622,Washington University in St. Louis,,640,UtiewDkAAAAJ,{'indices'},,Liberty Vittert,,541,6,6,4,4,0,0
210623,"Lecturer, Heriot-Watt University",,10904,yJeOezUAAAAJ,{'indices'},,Jonathan Leach,,5597,54,40,97,82,0,0
210624,"Professor of Physics, Universidade Federal Fluminense, Brazil",,920,hwup8w4AAAAJ,{'indices'},,Daniel S. Tasca,,644,16,13,18,15,0,0
210625,Heriot-Watt University,,7256,VYNRvwYAAAAJ,{'indices'},,Gerald Buller,,4024,47,35,115,74,0,0
210626,Research Scientist - RAL Space,,317,VGwvmWEAAAAJ,{'indices'},,Frauke Izdebski,,190,7,5,7,3,0,0
210627,University of Ottawa and University of Rochester,,59429,vJMu-20AAAAJ,{'indices'},,Robert Boyd,,24035,103,68,478,288,0,0
210628,"Postdoctoral Research Associate, University of Glasgow",,554,eA8DbtoAAAAJ,{'indices'},,Kevin John Mitchell,,537,5,5,5,5,0,0
210629,"Postdoctoral Research Assistant, University of Glasgow",,88,ItHfewoAAAAJ,{'indices'},,Yiwei Zhang,,87,2,2,2,2,0,0
210630,"Professor of Physics, University of Glasgow",,64815,ZQstP64AAAAJ,{'indices'},,Kenneth A. Strain,,48487,112,72,309,224,0,0
210631,Shell and Lancaster University,,3039,9d1va6wAAAAJ,{'indices'},,philip jonathan,,1459,32,22,63,42,0,0
210632,Heriot-Watt University,,1045,lLRT2w8AAAAJ,{'indices'},,Megan Agnew,,759,13,11,14,14,0,0
210633,"Professor of Gravitational Wave Physics, Vrije Universiteit Amsterdam",,62834,tromUqkAAAAJ,{'indices'},,Andreas Freise,,47145,110,72,281,225,0,0
210634,University College London,,50550,J2kD9yMAAAAJ,{'indices'},,Jonathan Tennyson,,20925,99,58,636,366,0,0
210635,CalTech/Jet Propulsion Laboratory and University of Wisconsin-Madison,,13277,l4HEIR8AAAAJ,{'indices'},,Kevin Baines,,4369,68,34,218,144,0,0
210636,JAXA,,485,MODqzs8AAAAJ,{'indices'},,Dr. James O'Donoghue,,397,14,13,18,18,0,0
210637,"Senior Research Scientist, Boston University",,1094,-_CZuXAAAAAJ,{'indices'},,Luke Moore,,673,21,16,36,30,0,0
210638,"Department of Physics & Astronomy, University of Leicester",,24815,Nof4fV8AAAAJ,{'indices'},,Stanley W H Cowley,,6303,81,38,381,185,0,0
210639,Imperial College London,,4862,PrmFzkYAAAAJ,{'indices'},,Marina Galand,,2602,39,28,98,70,0,0
210640,Boston University,,15677,Vi1HOn0AAAAJ,{'indices'},,John Clarke,,4534,67,38,232,122,0,0
210641,ISAC-CNR,,2609,xUKBF7AAAAAJ,{'indices'},,Bianca M. Dinelli,,861,29,15,59,28,0,0
210642,University of Leicester,,6396,lJI5ZN8AAAAJ,{'indices'},,Emma Bunce,,2868,45,29,106,86,0,0
210643,Southwest Research Institute,,20849,K6fnynoAAAAJ,{'indices'},,J. Hunter Waite,,7880,80,42,286,169,0,0
210644,"Professor fuer Astronomie, Hamburger Sternwarte, Universitaet Hamburg",,32071,Ot8p0e0AAAAJ,{'indices'},,Peter Hauschildt,,7897,86,42,262,134,0,0
210645,"Jet Propulsion Laboratory, California Institute of Technology",,13860,yEDzTaMAAAAJ,{'indices'},,Glenn Orton,,5316,62,36,261,157,0,0
210646,"Professor of Social Psychology, London School of Economics",,28172,KuKS2DcAAAAJ,{'indices'},,Martin W BAUER,,10657,58,37,110,78,0,0
210647,"Professor of Research Methodology, University of Essex",,10629,XVoHpusAAAAJ,{'indices'},,Nick Allum,,3873,39,24,63,41,0,0
210648,"Professor and Chair, Life Sciences Communication, University of Wisconsin-Madison",,10570,NKj9jw4AAAAJ,{'indices'},,Dominique Brossard,,6186,49,42,106,98,0,0
210649,"Journalism and Mass Communication, University of Wisconsin-Madison",,9384,TOoAbusAAAAJ,{'indices'},,Sharon Dunwoody,,3436,48,30,90,63,0,0
210650,National Central University,,28172,wnEYX9EAAAAJ,{'indices'},,Ip Wing-Huen,,13926,85,56,422,202,0,0
210651,NASA/GSFC,,18685,uPGnUQkAAAAJ,{'indices'},,John EP Connerney,,8540,74,46,228,183,0,0
210652,Professor of Atmospheric Science,,19820,KZTkHooAAAAJ,{'indices'},,Richard H Johnson,,7184,62,35,447,203,0,0
210653,University of Hertfordshire,,15979,SM6NKJ4AAAAJ,{'indices'},,Hugh Jones,,6103,64,36,280,156,0,0
210654,California Institute of Technology,,16423,DJ00AN0AAAAJ,{'indices'},,Dariusz C. Lis,,6052,71,40,238,164,0,0
210655,Princeton University,,13924,tvwRM0MAAAAJ,{'indices'},,Gaspar Bakos,,7214,68,41,150,128,0,0
210656,"Associate Research Scholar, Department of Astrophysical Sciences, Princeton University",,8254,Stxq64UAAAAJ,{'indices'},,Joel D. Hartman,,4497,51,38,118,105,0,0
210657,Princeton University,,1259,ttGTO_cAAAAJ,{'indices'},,Waqas Bhatti,,1112,22,21,37,37,0,0
210658,University of Texas at Dallas,,2567,E5JAJXoAAAAJ,{'indices'},,Kaloyan Penev,,2097,32,30,66,64,0,0
210659,"Department of Physics, University of Rome Tor Vergata",,7087,rAl3x3kAAAAJ,{'indices'},,Luigi Mancini,,4722,47,37,157,136,0,0
210660,"Instituto de Astrofísica, Pontificia Universidad Católica de Chile",,7215,zpyJ7wEAAAAJ,{'indices'},,Markus Rabus,,5359,40,32,99,91,0,0
210661,Universidad Adolfo Ibáñez,,15081,OKfYDv0AAAAJ,{'indices'},,Andrés Jordán,,7523,64,46,176,152,0,0
210662,University of Warwick,,3819,kWqtMKsAAAAJ,{'indices'},,Daniel Bayliss,,3081,33,29,88,84,0,0
210663,"Instituto de Astrofísica, Facultad de Física, Pontificia Universidad Católica de Chile",,1116,QpPjc_MAAAAJ,{'indices'},,Vincent Suc,,933,17,17,25,23,0,0
210664,Space Telescope Science Institute,,2427,UUNvbOwAAAAJ,{'indices'},,Nestor Espinoza,,2239,27,26,56,56,0,0
210665,Harvard Smithsonian Center for Astrophysics,,2527,JrSsNloAAAAJ,{'indices'},,Yanjun (George) Zhou,,2211,29,28,66,64,0,0
210666,PEST,,2311,S9RwKPcAAAAJ,{'indices'},,Thiam-Guan Tan,,1976,25,24,50,48,0,0
210667,"Professor of Astronomy, The Australian National University",,55095,KgE0_U4AAAAJ,{'indices'},,Brian Schmidt,,18039,87,52,221,157,0,0
210668,"Professor of Physics and Astrophysics, U of Toronto",,6335,TLPTimMAAAAJ,{'indices'},,Pawel Artymowicz,,1568,33,19,47,29,0,0
210669,Prof of Image Science,,6105,09iC-HEAAAAJ,{'indices'},,Craig Mackay,,747,45,14,86,21,0,0
210670,"Professor of Planetary Science, California Institute of Technology",,32552,aTnn5yYAAAAJ,{'indices'},,Geoffrey A. Blake,,9174,95,48,343,216,0,0
210671,Dipartimento di Fisica e Astronomia Università di Padova,,17607,CTxtK54AAAAJ,{'indices'},,Barbieri Cesare,,10081,62,49,298,184,0,0
210672,Los Alamos National Laboratory,,2913,0tHc_LwAAAAJ,{'indices'},,Gennaro D'Angelo,,1161,23,18,28,24,0,0
210673,Instituto de Astrofisica de Andalucia - CSIC,,10937,8Kg5cWIAAAAJ,{'indices'},,Luisa M. Lara,,7233,57,44,187,145,0,0
210674,"Universidade de São Paulo - IAG, Rua do Matao 1226, 05508-090 Sao Paulo, Brazil",,23289,iqAke80AAAAJ,{'indices'},,Beatriz Barbuy,,7590,74,41,270,120,0,0
210675,"Astronomer Researcher, INAF Astronomical Observatory of Capodimonte, Naples Italy",,2778,cKQ1Y0kAAAAJ,{'indices'},,Massimo Brescia,,1888,31,25,58,42,0,0
210676,"Professor, Princeton University",,45202,nB_6nGIAAAAJ,{'indices'},,Joshua Winn,,17539,85,56,274,213,0,0
210677,"Professor of Physics and Astronomy, Brigham Young University",,12958,xQHmMn1DJEoC,{'indices'},,Darin Ragozzine,,6235,51,40,68,65,0,0
210678,"Professor, Department of Astronomy & Astrophysics / Institute for Computational & Data Sciences",,29543,TePFO-YAAAAJ,{'indices'},,Eric Ford,,14059,78,57,167,137,0,0
210679,Bishop's University,,26745,RijnnRMAAAAJ,{'indices'},,Jason Rowe,,13548,84,60,178,148,0,0
210680,University of Washington,,22819,VTE0fokAAAAJ,{'indices'},,Eric Agol,,12751,74,54,170,135,0,0
210681,Professor of Physics and Astronomy,,18225,pyXWfSgAAAAJ,{'indices'},,Jason Steffen,,9113,53,44,70,64,0,0
210682,"Professor of Astronomy, California Institute of Technology",,69787,NKLGLsoAAAAJ,{'indices'},,John Johnson,,29207,126,79,791,466,0,0
210683,Spotify,,4208,aHnyuiMAAAAJ,{'indices'},,Roberto Sanchis Ojeda,,2686,31,29,42,40,0,0
210684,"Professor of Astronomy, California Institute of Technology",,26930,yn1RfiEAAAAJ,{'indices'},,Andrew W. Howard,,16451,84,65,276,260,0,0
210685,NASA Ames Research Center,,28443,b0fs6wwAAAAJ,{'indices'},,Steve Bryson,,13675,77,57,163,115,0,0
210686,Tel Aviv University,,32641,_CkFW0oAAAAJ,{'indices'},,Tsevi Mazeh,,17177,85,53,253,160,0,0
210687,"Postdoctoral Fellow, Harvard-Smithsonian Center for Astrophysics",,10393,RHE6t0YAAAAJ,{'indices'},,Samuel N Quinn,,4907,43,36,65,60,0,0
210688,SETI Institute,,24487,zuiXN0UAAAAJ,{'indices'},,Douglas A. Caldwell,,12287,72,51,133,119,0,0
210689,"Astronomy & Astrophysics, The Pennsylvania State University",,4788,_AlKsjEAAAAJ,{'indices'},,Robert C Morehead,,2299,15,14,17,15,0,0
210690,"Research Scientist, MIT",,19585,dFtkTYcAAAAJ,{'indices'},,Avi Shporer,,9816,69,51,168,142,0,0
210691,INAF - Osservatorio Astrofisico di Torino,,20566,wKocxXwAAAAJ,{'indices'},,Alessandro Sozzetti,,15952,58,48,155,128,0,0
210692,"Senior Technical Advisor - Scientist IX, General Atomics, La Jolla, CA",,14692,X9i2dtUAAAAJ,{'indices'},,Todd E. Evans,,4944,62,35,234,133,0,0
210693,"Professor of Astronomy and Astrophysics, University of California Santa Cruz",,23831,iTeJ15IAAAAJ,{'indices'},,Jonathan Fortney,,10182,75,47,96,93,0,0
210694,"Aarhus University, Denmark",,7169,D5abBAsAAAAJ,{'indices'},,Simon Albrecht,,4642,43,38,96,90,0,0
210695,Las Cumbres Observatory Global Network/UCSB,,7273,luuJ94IAAAAJ,{'indices'},,Jason Eastman,,4647,40,33,85,72,0,0
210696,Staff Max Planck Institut für Astronomy,,10929,zc9S6vMAAAAJ,{'indices'},,Hubert Klahr,,5826,57,43,105,89,0,0
210697,"Senior Research Associate, JILA, University of Colorado, Boulder",,6183,UJqVnpUAAAAJ,{'indices'},,Andrew N. Youdin,,3473,28,26,36,33,0,0
210698,"Professor of Astronomy, Lund University",,9976,n22jFqEAAAAJ,{'indices'},,Melvyn Davies,,4171,52,32,117,82,0,0
210699,"Dept. of Astrophysics, American Museum of Natural History; Center for Computational Astrophysics",,22008,8hZrNjMAAAAJ,{'indices'},,Mordecai-Mark Mac Low,,7106,77,44,164,120,0,0
210700,TU Braunschweig,,9703,XcZFnLsAAAAJ,{'indices'},,Jürgen Blum,,4837,51,38,134,100,0,0
210701,Professor at New Mexico State University,,3304,kS4le7EAAAAJ,{'indices'},,Wladimir Lyra,,2137,34,28,49,46,0,0
210702,"Professor, University of Copenhagen",,7146,2JRL47EAAAAJ,{'indices'},,Martin Bizzarro,,4129,43,34,85,80,0,0
210703,Michigan State University,,2151,ODscM-EAAAAJ,{'indices'},,Seth A. Jacobson,,1772,23,21,29,29,0,0
210704,"Forskare, Department of Astronomy and Theoretical Physics, Lunds Universitet",,2083,p74cu7oAAAAJ,{'indices'},,Alexander James Mustill,,1595,22,22,35,35,0,0
210705,Independent,,2909,Y_M9Jw4AAAAJ,{'indices'},,Pedro Lacerda,,1825,33,24,53,45,0,0
210706,"Astronomical Institute, Tohoku University",,6258,mxSUziEAAAAJ,{'indices'},,Hidekazu Tanaka,,3334,40,32,76,57,0,0
210707,Bates College,,3667,jn2lUUwAAAAJ,{'indices'},,Jeffrey S. Oishi,,2284,21,17,24,23,0,0
210708,Muséum national d'histoire naturelle - Institut Universitaire de France,,8583,jqT35NQAAAAJ,{'indices'},,Matthieu Gounelle,,3118,42,28,104,78,0,0
210709,"Professor, Columbia University and Flatiron Institute",,50840,_zkAFbEAAAAJ,{'indices'},,Yuri Levin,,45071,84,72,211,196,0,0
210710,"Nordita, KTH Royal Institute of Technology and Stockholm University",,23191,ufyMKPQAAAAJ,{'indices'},,Axel Brandenburg,,7240,71,39,357,205,0,0
210711,University of Warwick,,4225,Yyx3jh0AAAAJ,{'indices'},,Dimitri Veras,,2890,41,34,80,72,0,0
210712,NVIDIA,,1938,FKwR8hcAAAAJ,{'indices'},,Evghenii Gaburov,,1068,18,13,21,16,0,0
210713,Osaka University,,3403,EWPKSUsAAAAJ,{'indices'},,Takayoshi Sano,,1300,27,22,51,39,0,0
210714,Würzburg University,,19611,DD3qD-4AAAAJ,{'indices'},,Matthias Kadler,,10067,64,48,157,137,0,0
210715,Purdue University,,11822,WKxIpFAAAAAJ,{'indices'},,Matthew L. Lister,,5082,58,41,113,90,0,0
210716,"Lebedev Physical Institute, Moscow",,13058,1nZwdRAAAAAJ,{'indices'},,Yuri Kovalev (Юрий Юрьевич Ковалев),,6491,61,43,136,125,0,0
210717,Denison University,,6163,mdKlt6EAAAAJ,{'indices'},,Daniel C Homan,,2430,35,26,44,37,0,0
210718,Aalto University,,8137,loJd7z8AAAAJ,{'indices'},,Tuomas Savolainen,,5554,41,33,72,64,0,0
210719,"Professor of Astronomy, University of Erlangen-Nuremberg",,27440,04iI2fwAAAAJ,{'indices'},,Joern Wilms,,15656,80,57,369,294,0,0
210720,University of Valencia,,4606,KdbyLQ8AAAAJ,{'indices'},,Ivan Marti-Vidal,,3948,33,27,63,51,0,0
210721,Universitat de València,,2262,N7Ov2gwAAAAJ,{'indices'},,Manel Perucho Pla,,1253,30,23,55,46,0,0
210722,Crimean Astrophysical Observatory,,4865,J0Jg0zsAAAAJ,{'indices'},,Alexander Pushkarev (Александр Бор...,,2626,36,31,52,45,0,0
210723,"Professor of Astroparticle Physics and Radio Astronomy, Radboud University, Nijmegen",,49175,bWgc6xMAAAAJ,{'indices'},,Heino Falcke,,23378,106,71,408,307,0,0
210724,Max Planck Institute for Radio Astronomy,,2437,STRQIigAAAAJ,{'indices'},,Anne-Kathrin Baczko,,2431,11,11,12,12,0,0
210725,CSIC,,5039,9DTViSMAAAAJ,{'indices'},,Antonio Rius,,1955,39,25,90,50,0,0
210726,Penn State University,,2052,rD3CzRUAAAAJ,{'indices'},,Felicia Krauß,,1886,17,16,25,25,0,0
210727,Center for Astrophysics | Harvard & Smithsonian,,18066,teoxvbEAAAAJ,{'indices'},,Mark Gurwell,,9605,70,51,165,141,0,0
210728,Instituto Nacional de Astrofísica Óptica y Electrónica,,6610,E7KjLS8AAAAJ,{'indices'},,Vahram Chavushyan,,4172,39,27,101,71,0,0
210729,Universidad de Guadalajara,,331,JDMibKUAAAAJ,{'indices'},,Janet Torrealba,,232,8,8,8,8,0,0
210730,"Chief Scientist JIVE, astronomy professor Leiden",,8910,_x0yHp8AAAAJ,{'indices'},,Huib Jan van Langevelde,,5097,50,26,108,63,0,0
210731,Tallinn University of Technology,,2499,WTrj_sEAAAAJ,{'indices'},,Nadia Kudryavtseva,,1691,23,17,29,24,0,0
210732,"Postdoctoral scientist, Seoul National University",,1062,1OM_pBgAAAAJ,{'indices'},,Marios Karouzos,,815,17,15,28,22,0,0
210733,"Professor of Astrophysics, The Ohio State University",,30713,v-MnrkoAAAAJ,{'indices'},,Richard Pogge,,12400,96,57,306,222,0,0
210734,Caltech/IPAC-NExScI,,14411,oGw4kOkAAAAJ,{'indices'},,Jessie Christiansen,,8144,53,45,105,96,0,0
210735,SETI Institutue / NASA Ames Research Center,,9435,hxo9mEUAAAAJ,{'indices'},,Christopher J. Burke,,5047,50,35,86,72,0,0
210736,Bishop's University,,26745,RijnnRMAAAAJ,{'indices'},,Jason Rowe,,13548,84,60,178,148,0,0
210737,"Research Scientist, NASA Goddard Space Flight Center",,14562,Az-8dqUAAAAJ,{'indices'},,Tom Barclay,,9900,57,50,126,118,0,0
210738,NASA Ames Research Center,,28443,b0fs6wwAAAAJ,{'indices'},,Steve Bryson,,13675,77,57,163,115,0,0
210739,SETI Institute,,3793,YB-tAPEAAAAJ,{'indices'},,Jeffrey Coughlin,,2887,30,25,48,42,0,0
210740,SETI Institute,,24487,zuiXN0UAAAAJ,{'indices'},,Douglas A. Caldwell,,12287,72,51,133,119,0,0
210741,"Research Scientist, MIT",,19585,dFtkTYcAAAAJ,{'indices'},,Avi Shporer,,9816,69,51,168,142,0,0
210742,"Professor of Physics and Astronomy, University of Delaware",,3647,nVbeXogAAAAJ,{'indices'},,Judith Provencal,,829,34,16,67,25,0,0
210743,Embry-Riddle Aeronautical University,,4661,e06H1LIAAAAJ,{'indices'},,Ted von Hippel,,1326,38,23,78,45,0,0
210744,"University of North Carolina, Chapel Hill",,5016,rd01ymoAAAAJ,{'indices'},,Chris Clemens,,1310,39,18,84,27,0,0
210745,"Professor of Astronomy, California Institute of Technology",,26930,yn1RfiEAAAAJ,{'indices'},,Andrew W. Howard,,16451,84,65,276,260,0,0
210746,Harvard University,,1968,lD_cPF8AAAAJ,{'indices'},,Bence Béky,,1201,25,21,36,34,0,0
210747,"Professor of Astronomy, California Institute of Technology",,69787,NKLGLsoAAAAJ,{'indices'},,John Johnson,,29207,126,79,791,466,0,0
210748,"Professor, Department of Astronomy & Astrophysics / Institute for Computational & Data Sciences",,29543,TePFO-YAAAAJ,{'indices'},,Eric Ford,,14059,78,57,167,137,0,0
210749,Former Astrophysicist,,10680,072xXqQAAAAJ,{'indices'},,Joshua Carter,,4919,48,36,54,52,0,0
210750,Tel Aviv University,,32641,_CkFW0oAAAAJ,{'indices'},,Tsevi Mazeh,,17177,85,53,253,160,0,0
210751,"Formerly, Postdoctoral Scholar, UC Santa Cruz",,5829,he5Lp0sAAAAJ,{'indices'},,Philip Nutzman,,1467,34,19,39,29,0,0
210752,"Professor of Astronomy, SUPA, School of Physics and Astronomy, University of St Andrews",,31494,ppCcLJwAAAAJ,{'indices'},,Andrew Collier Cameron,,13557,90,57,411,284,0,0
210753,"Director General of the Research Centre for Astronomy and Earth Sciences, Hungarian Academy of",,9253,Ck4Nr_4AAAAJ,{'indices'},,Laszlo Kiss,,3717,49,29,180,110,0,0
210754,SETI Institute,,24487,zuiXN0UAAAAJ,{'indices'},,Douglas A. Caldwell,,12287,72,51,133,119,0,0
210755,"Professor, Princeton University",,45202,nB_6nGIAAAAJ,{'indices'},,Joshua Winn,,17539,85,56,274,213,0,0
210756,"Research Scientist, University of Southern California",,9205,bxvuEgcAAAAJ,{'indices'},,Timothy Morton,,6996,48,40,73,69,0,0
210757,Harvard University,,10565,_CoQbK4AAAAJ,{'indices'},,Selma E. de Mink,,7809,52,50,113,103,0,0
210758,Harvard Smithsonian Center for Astrophysics,,11694,u49uQRsAAAAJ,{'indices'},,Francois Fressin,,5071,42,32,52,44,0,0
210759,,,7362,j4-GmzcAAAAJ,{'indices'},,Neil Parley,,4113,34,23,45,38,0,0
210760,Smithsonian Astrophysical Observatory,,13183,i8CWFsEAAAAJ,{'indices'},,Paul J. Green,,6957,55,33,107,65,0,0
210761,"Professor of Physics, University of Alberta",,10168,CwHGOXcAAAAJ,{'indices'},,Craig Heinke,,5301,56,40,154,124,0,0
210762,Institute of Space Sciences (ICE-CSIC),,14766,7s4Bn7kAAAAJ,{'indices'},,Nanda Rea,,5637,59,36,200,138,0,0
210763,Drexel University,,75083,hV6xa0oAAAAJ,{'indices'},,Gordon Richards,,25738,111,73,292,243,0,0
210764,Caltech,,39456,zywJ6REAAAAJ,{'indices'},,Djorgovski,,9135,96,45,394,159,0,0
210765,Pontificia Universidad Católica de Chile,,11770,j9U2cmMAAAAJ,{'indices'},,Márcio Catelan,,5964,56,35,181,119,0,0
210766,California Institute of Technology,,56896,2ZjKVVAAAAAJ,{'indices'},,Roy Williams,,17874,111,57,662,229,0,0
210767,Universidad Diego Portales,,19662,jyT8VE4AAAAJ,{'indices'},,Jose L. Prieto,,11603,69,50,207,178,0,0
210768,"Astrophysicist, JPL/Caltech",,64955,QVbokjsAAAAJ,{'indices'},,Daniel Stern,,31293,116,77,564,471,0,0
210769,"Professor of Accountancy, University of Illinois",,47320,tL8qoFQAAAAJ,{'indices'},,Robert J. Brunner,,12804,80,44,153,98,0,0
210770,Universidade Cruzeiro do Sul / Universidade Cidade de São Paulo,,5686,Cu9F-r4AAAAJ,{'indices'},,Reinaldo Ramos de Carvalho,,1512,43,21,101,43,0,0
210771,"Yale University, Physics Department",,9235,T_0HIDIAAAAJ,{'indices'},,David Rabinowitz,,4441,54,38,117,77,0,0
210772,ASIAA,,2016,-rS1UygAAAAJ,{'indices'},,Gabriel Torrealba,,1781,17,17,17,17,0,0
210773,"Associate Astronomer, INAF Osservatorio Astronomico di Padova",,25603,O7cuZJ4AAAAJ,{'indices'},,Stefano Benetti,,12058,89,53,280,213,0,0
210774,INAF - Osservatorio Astronomico di Padova,,17861,-2f5rR4AAAAJ,{'indices'},,Andrea Pastorello,,10310,74,49,182,160,0,0
210775,New York University Abu Dhabi,,2635,YqQMgukAAAAJ,{'indices'},,Milan Bogosavljević,,1542,17,14,19,15,0,0
210776,"Senior Research Associate, University of Colorado",,4109,3BtCK0oAAAAJ,{'indices'},,Sandra Castro,,813,29,15,45,22,0,0
210777,Reader in University of Edinburgh,,24191,0FAUSmwAAAAJ,{'indices'},,Sergey Koposov,,19307,65,59,177,175,0,0
210778,"Dr, Cambridge University",,32624,tK50i4oAAAAJ,{'indices'},,Vasily Belokurov,,17606,78,62,199,184,0,0
210779,Full professor of Astrophysics - Università Federico II,,7211,dK90cbQAAAAJ,{'indices'},,Giuseppe Longo,,3330,46,27,144,73,0,0
210780,"Professor of Astronomy, UC Berkeley",,46236,fHkUYk0AAAAJ,{'indices'},,Joshua S. Bloom,,16057,112,63,370,248,0,0
210781,Texas Tech University,,986,0b1oQgUAAAAJ,{'indices'},,Jonathan Jerke,,453,10,9,10,6,0,0
210782,Isfahan university,,14899,8T_w7F8AAAAJ,{'indices'},,Moghaddam 202,,2132,45,22,85,39,0,0
210783,UC Davis,,20260,2XlBcJ4AAAAJ,{'indices'},,Stefano Valenti,,15346,75,59,209,203,0,0
210784,"Professor of Physics, University of Oxford",,22049,yjUImW4AAAAJ,{'indices'},,Philipp Podsiadlowski,,10451,75,50,158,127,0,0
210785,Harvard University,,10565,_CoQbK4AAAAJ,{'indices'},,Selma E. de Mink,,7809,52,50,113,103,0,0
210786,"Directeur de Recherches F.R.S.-FNRS, Université de Liège",,13079,Om23beEAAAAJ,{'indices'},,Eric Gosset,,9322,42,21,92,48,0,0
210787,"Postdoctoral Research Fellow, University of Oxford",,3931,MXUgx88AAAAJ,{'indices'},,Fabian Schneider,,3325,29,28,48,46,0,0
210788,University of Sheffield,,15162,IEFF3xMAAAAJ,{'indices'},,Paul A Crowther,,5038,69,39,182,110,0,0
210789,Institut de Planétologie et d'Astrophysique de Grenoble,,7439,W9BZ7jEAAAAJ,{'indices'},,Jean-Baptiste Le Bouquin,,5071,43,31,124,94,0,0
210790,University of Liège,,2721,YnQg4vEAAAAJ,{'indices'},,Michaël De Becker,,990,31,18,60,32,0,0
210791,"Astronomer, Universidad de La Serena",,5422,f4KcEYUAAAAJ,{'indices'},,Rodolfo Barbá,,3150,36,25,98,68,0,0
210792,"Reader in Theoretical Astrophysics, The University of Leeds",,4537,MPqvcm4AAAAJ,{'indices'},,Julian Pittard,,1521,38,21,94,51,0,0
210793,"FNRS Research Associate, University of Liège",,6957,WT9TmdwAAAAJ,{'indices'},,Olivier Absil,,4200,47,33,137,111,0,0
210794,"IAASARS, National Observatory of Athens",,3769,_sdPRxMAAAAJ,{'indices'},,Alceste Bonanos,,1718,32,24,55,43,0,0
210795,Institut de Planétologie et d'Astrophysique - Université Grenoble Alpes - CNRS,,8249,zb4ht5wAAAAJ,{'indices'},,Jean-Philippe Berger,,3984,48,31,137,89,0,0
210796,"Department of Astronomy, University of Stockholm",,1408,Mu71OOUAAAAJ,{'indices'},,Arjan Bik,,505,20,15,34,20,0,0
210797,"Assistant Professor, University of Arizona",,4173,Z3RJ5yIAAAAJ,{'indices'},,Kaitlin Kratter,,3237,33,31,61,60,0,0
210798,Center for Computational Astrophysics (Flatiron Institute) & Princeton University,,8884,rF7-bwEAAAAJ,{'indices'},,Matteo Cantiello,,6806,35,33,53,49,0,0
210799,"Professor of astronomy, Lund Observatory",,11828,Pe5_7X4AAAAJ,{'indices'},,Sofia Feltzing,,6734,52,38,118,100,0,0
210800,European Space Agency,,6872,9pND7ZIAAAAJ,{'indices'},,A.M.T. Pollock,,1491,41,20,95,46,0,0
210801,European Southern Observatory,,6013,0WjDhMoAAAAJ,{'indices'},,Antoine Mérand,,3001,42,28,100,81,0,0
210802,Professor of Relativistic Astrophysics (UNLP),,11514,c7nIsBoAAAAJ,{'indices'},,Gustavo Esteban Romero,,3833,56,27,184,100,0,0
210803,"Professor of Physics, Dean of Science, Royal Military College of Canada",,12163,X0uiUAYAAAAJ,{'indices'},,G.A. Wade,,6039,62,39,233,179,0,0
210804,Observatoire de Paris,,13470,viJr22YAAAAJ,{'indices'},,Pierre Kervella,,6148,66,41,199,153,0,0
210805,"Depto. de Astrofísica, Campus ESAC (ESA) Centro de Astrobiología (INTA-CSIC)",,30582,TeHFp0UAAAAJ,{'indices'},,David Barrado Navascues,,21466,78,53,255,188,0,0
210806,University of Bordeaux,,12457,7dUdu90AAAAJ,{'indices'},,Herve Bouy,,9727,48,34,123,89,0,0
210807,"Centro de astrobilogía, INTA-CSIC",,21904,u6pJKiUAAAAJ,{'indices'},,Mauro Lopez,,13828,50,34,442,195,0,0
210808,"Data Management Scientist, Large Synoptic Survey Telescope (LSST)",,27208,GkgHxX8AAAAJ,{'indices'},,Leanne Guy,,18041,33,26,46,35,0,0
210809,Professor of Astrophysics,,29069,quuaJowAAAAJ,{'indices'},,Conny Aerts,,17467,76,47,302,173,0,0
210810,"Max-Planck-Institut für Astronomie, Heidelberg, Germany",,10352,ou4ZTMIAAAAJ,{'indices'},,Maria Süveges,,10020,23,23,31,28,0,0
210811,"Dpto. de Inteligencia Artificial, UNED",,8718,czIh6DYAAAAJ,{'indices'},,Héctor E. Delgado,,8692,13,13,13,13,0,0
210812,Armagh Observatory,,11590,bCokHQEAAAAJ,{'indices'},,J.G. Doyle,,2630,54,24,271,78,0,0
210813,University of Sheffield,,9653,_AXRBWwAAAAJ,{'indices'},,Robertus Erdelyi,,3641,52,30,193,114,0,0
210814,"Senior researcher, Leiden Observatory, Leiden University",,21417,9vsUnfoAAAAJ,{'indices'},,Anthony G.A. Brown,,16253,46,41,101,80,0,0
210815,"Senior CNRS research engineer, GEPI, Observatoire de Paris",,20056,xteyqkoAAAAJ,{'indices'},,Frédéric Arenou,,13584,49,35,89,63,0,0
210816,Departament de Física Quàntica i Astrofísica. Universitat de Barcelona,,6560,zULsUqUAAAAJ,{'indices'},,Alfred Castro-Ginard,,6537,16,16,18,18,0,0
210817,"technologo, Ossevatorio Astrofisico di Torino",,15355,L4MfFgwAAAAJ,{'indices'},,Richard Laurence Smart,,12899,44,30,82,68,0,0
210818,"Professor of Astronomy and Astrophysics, Università di Catania",,14615,lNBk9IIAAAAJ,{'indices'},,Alessandro Lanzafame,,12877,43,37,108,87,0,0
210819,CAB,,4961,gw2cQf8AAAAJ,{'indices'},,Nuria Huelamo,,2288,36,22,76,48,0,0
210820,Jet Propulsion Laboratory,,1401,JC6-3xAAAAAJ,{'indices'},,Federico Marocco,,935,21,19,31,26,0,0
210821,"Professor of Stellar Astrophysics, University of Vienna",,26460,x1D2CWQAAAAJ,{'indices'},,João Alves,,17557,74,55,183,145,0,0
210822,Universidad Politécnica de Madrid,,6700,Jmr2JHQAAAAJ,{'indices'},,Joaquín Ordieres Meré,,5911,26,21,58,41,0,0
210823,"Catedrático de Expresión Gráfica, Universidad de Oviedo",,4172,rxpwNeIAAAAJ,{'indices'},,Antonio Bello García,,3935,13,9,15,7,0,0
210824,Universidad autónoma de chile,,842,4qIdwYIAAAAJ,{'indices'},,juan carlos beamin,,580,13,11,15,14,0,0
